Id,Label
0,12
1,38
2,15
3,10
4,70
5,43
6,66
7,7
8,23
9,83
10,1
11,5
12,90
13,69
14,20
15,88
16,10
17,97
18,54
19,92
20,70
21,69
22,86
23,60
24,21
25,58
26,23
27,44
28,60
29,98
30,24
31,61
32,41
33,73
34,56
35,27
36,0
37,83
38,5
39,90
40,31
41,95
42,49
43,30
44,56
45,22
46,57
47,94
48,75
49,17
50,4
51,89
52,96
53,35
54,5
55,37
56,71
57,52
58,97
59,30
60,27
61,27
62,4
63,27
64,62
65,45
66,88
67,11
68,63
69,43
70,97
71,68
72,28
73,75
74,67
75,32
76,82
77,94
78,34
79,61
80,71
81,94
82,54
83,14
84,64
85,89
86,86
87,31
88,28
89,30
90,22
91,79
92,3
93,35
94,81
95,21
96,50
97,8
98,68
99,43
100,51
101,53
102,89
103,40
104,43
105,69
106,76
107,17
108,89
109,76
110,5
111,20
112,97
113,45
114,94
115,71
116,41
117,43
118,43
119,56
120,85
121,2
122,38
123,70
124,96
125,45
126,3
127,27
128,70
129,21
130,29
131,16
132,58
133,48
134,21
135,86
136,60
137,42
138,52
139,23
140,43
141,46
142,52
143,89
144,72
145,30
146,86
147,39
148,91
149,48
150,31
151,88
152,61
153,59
154,24
155,97
156,85
157,36
158,15
159,42
160,36
161,8
162,97
163,40
164,97
165,52
166,61
167,51
168,51
169,94
170,95
171,83
172,42
173,75
174,95
175,45
176,95
177,95
178,14
179,51
180,48
181,75
182,20
183,38
184,93
185,97
186,35
187,56
188,94
189,58
190,12
191,31
192,94
193,13
194,94
195,24
196,90
197,42
198,7
199,87
200,34
201,58
202,68
203,60
204,89
205,13
206,20
207,31
208,72
209,52
210,30
211,98
212,68
213,33
214,97
215,33
216,94
217,95
218,83
219,66
220,75
221,95
222,42
223,77
224,12
225,30
226,0
227,59
228,80
229,71
230,76
231,57
232,85
233,24
234,2
235,62
236,31
237,43
238,82
239,19
240,23
241,24
242,34
243,75
244,48
245,62
246,42
247,13
248,33
249,61
250,91
251,16
252,97
253,5
254,16
255,27
256,8
257,85
258,84
259,88
260,38
261,76
262,13
263,80
264,74
265,51
266,43
267,1
268,43
269,81
270,23
271,51
272,52
273,18
274,42
275,91
276,67
277,80
278,30
279,62
280,78
281,84
282,28
283,85
284,30
285,78
286,6
287,19
288,34
289,51
290,97
291,38
292,86
293,31
294,19
295,12
296,13
297,8
298,42
299,63
300,52
301,76
302,40
303,6
304,71
305,34
306,76
307,4
308,80
309,28
310,28
311,18
312,41
313,42
314,72
315,32
316,81
317,42
318,72
319,8
320,47
321,31
322,42
323,67
324,12
325,5
326,97
327,91
328,54
329,29
330,85
331,26
332,61
333,7
334,36
335,60
336,67
337,91
338,97
339,93
340,8
341,54
342,68
343,62
344,99
345,64
346,21
347,24
348,81
349,4
350,68
351,34
352,71
353,1
354,5
355,40
356,80
357,79
358,35
359,42
360,97
361,23
362,85
363,94
364,63
365,61
366,94
367,61
368,37
369,63
370,85
371,33
372,40
373,16
374,8
375,8
376,7
377,0
378,94
379,34
380,34
381,46
382,41
383,31
384,69
385,42
386,64
387,95
388,85
389,22
390,27
391,57
392,81
393,30
394,72
395,42
396,4
397,68
398,52
399,39
400,51
401,31
402,5
403,5
404,9
405,1
406,95
407,87
408,91
409,80
410,84
411,15
412,49
413,85
414,36
415,86
416,84
417,37
418,62
419,42
420,31
421,8
422,79
423,96
424,71
425,42
426,34
427,61
428,75
429,21
430,79
431,18
432,95
433,34
434,15
435,51
436,15
437,30
438,36
439,43
440,22
441,84
442,60
443,85
444,6
445,85
446,6
447,7
448,29
449,13
450,40
451,98
452,39
453,41
454,36
455,86
456,38
457,51
458,93
459,5
460,12
461,86
462,30
463,22
464,14
465,78
466,96
467,17
468,6
469,0
470,79
471,97
472,42
473,24
474,55
475,2
476,33
477,42
478,89
479,90
480,13
481,75
482,94
483,8
484,0
485,99
486,38
487,20
488,30
489,4
490,43
491,43
492,60
493,16
494,31
495,97
496,0
497,31
498,89
499,71
500,79
501,50
502,90
503,16
504,13
505,41
506,63
507,58
508,47
509,93
510,68
511,11
512,36
513,95
514,30
515,53
516,73
517,97
518,70
519,54
520,66
521,84
522,78
523,37
524,62
525,11
526,73
527,38
528,80
529,51
530,52
531,63
532,39
533,97
534,2
535,80
536,17
537,98
538,99
539,57
540,88
541,51
542,2
543,42
544,97
545,67
546,18
547,54
548,60
549,15
550,85
551,35
552,23
553,90
554,8
555,42
556,62
557,56
558,5
559,71
560,97
561,4
562,20
563,83
564,3
565,89
566,14
567,94
568,2
569,85
570,1
571,68
572,11
573,36
574,99
575,49
576,97
577,38
578,89
579,67
580,77
581,75
582,82
583,61
584,0
585,41
586,54
587,38
588,75
589,43
590,99
591,12
592,57
593,6
594,57
595,24
596,77
597,73
598,14
599,37
600,48
601,30
602,18
603,87
604,43
605,50
606,48
607,32
608,97
609,51
610,6
611,82
612,81
613,2
614,70
615,96
616,97
617,33
618,9
619,86
620,17
621,78
622,76
623,70
624,17
625,38
626,48
627,97
628,1
629,82
630,97
631,43
632,61
633,12
634,83
635,60
636,22
637,32
638,0
639,42
640,85
641,76
642,85
643,30
644,81
645,60
646,90
647,94
648,3
649,86
650,88
651,5
652,89
653,42
654,5
655,0
656,34
657,5
658,33
659,97
660,20
661,48
662,4
663,42
664,27
665,82
666,12
667,66
668,42
669,75
670,30
671,95
672,83
673,72
674,97
675,28
676,78
677,91
678,43
679,68
680,51
681,14
682,58
683,45
684,97
685,64
686,18
687,21
688,95
689,39
690,30
691,84
692,86
693,82
694,75
695,48
696,63
697,20
698,73
699,21
700,4
701,42
702,42
703,1
704,18
705,42
706,8
707,81
708,31
709,60
710,79
711,56
712,5
713,30
714,82
715,57
716,75
717,90
718,33
719,9
720,97
721,76
722,60
723,75
724,2
725,73
726,61
727,75
728,62
729,31
730,61
731,6
732,4
733,13
734,94
735,42
736,71
737,43
738,53
739,6
740,36
741,57
742,43
743,97
744,61
745,41
746,20
747,83
748,94
749,82
750,31
751,6
752,45
753,0
754,31
755,71
756,96
757,43
758,97
759,29
760,85
761,43
762,96
763,69
764,78
765,80
766,82
767,37
768,54
769,12
770,76
771,39
772,95
773,24
774,7
775,64
776,54
777,31
778,13
779,0
780,12
781,72
782,82
783,38
784,86
785,60
786,22
787,8
788,82
789,14
790,12
791,80
792,85
793,53
794,55
795,1
796,75
797,36
798,62
799,85
800,87
801,23
802,54
803,48
804,69
805,78
806,86
807,53
808,85
809,42
810,36
811,17
812,94
813,52
814,3
815,93
816,14
817,36
818,89
819,7
820,42
821,4
822,85
823,5
824,8
825,97
826,45
827,61
828,28
829,23
830,11
831,62
832,21
833,31
834,58
835,39
836,76
837,49
838,59
839,8
840,97
841,47
842,98
843,51
844,52
845,63
846,21
847,31
848,53
849,21
850,20
851,6
852,31
853,76
854,22
855,1
856,52
857,54
858,29
859,15
860,79
861,60
862,16
863,73
864,85
865,54
866,43
867,68
868,24
869,47
870,8
871,51
872,42
873,53
874,23
875,34
876,31
877,24
878,54
879,84
880,20
881,94
882,69
883,38
884,1
885,84
886,75
887,2
888,10
889,69
890,61
891,18
892,12
893,89
894,52
895,72
896,99
897,51
898,49
899,80
900,80
901,5
902,81
903,41
904,18
905,41
906,37
907,20
908,99
909,34
910,80
911,61
912,76
913,56
914,52
915,97
916,98
917,51
918,74
919,21
920,51
921,59
922,37
923,58
924,52
925,82
926,14
927,59
928,83
929,31
930,20
931,12
932,24
933,68
934,61
935,23
936,18
937,89
938,61
939,97
940,23
941,23
942,62
943,56
944,71
945,42
946,81
947,27
948,1
949,47
950,85
951,39
952,42
953,34
954,27
955,23
956,49
957,97
958,30
959,18
960,31
961,47
962,56
963,34
964,34
965,49
966,71
967,52
968,62
969,36
970,17
971,88
972,85
973,24
974,17
975,69
976,82
977,90
978,70
979,34
980,2
981,43
982,42
983,8
984,85
985,8
986,43
987,51
988,84
989,21
990,49
991,33
992,89
993,37
994,45
995,75
996,34
997,49
998,53
999,91
1000,97
1001,71
1002,94
1003,94
1004,90
1005,85
1006,20
1007,1
1008,30
1009,82
1010,70
1011,43
1012,2
1013,16
1014,92
1015,12
1016,90
1017,66
1018,78
1019,33
1020,31
1021,52
1022,34
1023,85
1024,23
1025,81
1026,85
1027,0
1028,3
1029,41
1030,21
1031,86
1032,92
1033,97
1034,85
1035,38
1036,97
1037,30
1038,55
1039,30
1040,21
1041,97
1042,53
1043,81
1044,43
1045,89
1046,30
1047,98
1048,8
1049,1
1050,65
1051,68
1052,44
1053,30
1054,20
1055,67
1056,81
1057,43
1058,49
1059,24
1060,58
1061,3
1062,6
1063,60
1064,49
1065,36
1066,23
1067,78
1068,37
1069,19
1070,41
1071,74
1072,34
1073,84
1074,17
1075,30
1076,20
1077,31
1078,7
1079,17
1080,7
1081,48
1082,92
1083,89
1084,74
1085,43
1086,61
1087,93
1088,96
1089,52
1090,16
1091,29
1092,13
1093,93
1094,37
1095,0
1096,48
1097,53
1098,4
1099,68
1100,80
1101,27
1102,85
1103,63
1104,76
1105,33
1106,61
1107,23
1108,66
1109,49
1110,1
1111,54
1112,43
1113,30
1114,24
1115,53
1116,41
1117,47
1118,9
1119,10
1120,21
1121,47
1122,1
1123,5
1124,36
1125,87
1126,2
1127,22
1128,85
1129,69
1130,77
1131,30
1132,17
1133,42
1134,6
1135,41
1136,0
1137,62
1138,36
1139,79
1140,54
1141,39
1142,20
1143,76
1144,52
1145,97
1146,28
1147,26
1148,17
1149,31
1150,86
1151,15
1152,0
1153,68
1154,66
1155,58
1156,66
1157,0
1158,52
1159,94
1160,58
1161,18
1162,2
1163,10
1164,67
1165,94
1166,95
1167,24
1168,21
1169,77
1170,19
1171,43
1172,51
1173,2
1174,8
1175,97
1176,30
1177,27
1178,60
1179,21
1180,71
1181,80
1182,19
1183,21
1184,34
1185,30
1186,63
1187,89
1188,37
1189,27
1190,97
1191,99
1192,8
1193,53
1194,68
1195,67
1196,43
1197,87
1198,52
1199,21
1200,26
1201,66
1202,14
1203,35
1204,22
1205,49
1206,84
1207,52
1208,97
1209,93
1210,80
1211,24
1212,13
1213,60
1214,53
1215,94
1216,58
1217,19
1218,33
1219,5
1220,84
1221,78
1222,97
1223,23
1224,43
1225,62
1226,55
1227,10
1228,36
1229,30
1230,42
1231,82
1232,31
1233,31
1234,38
1235,33
1236,54
1237,53
1238,97
1239,81
1240,24
1241,47
1242,31
1243,9
1244,24
1245,6
1246,20
1247,76
1248,43
1249,28
1250,43
1251,96
1252,7
1253,88
1254,42
1255,54
1256,91
1257,18
1258,54
1259,98
1260,58
1261,17
1262,97
1263,29
1264,27
1265,53
1266,66
1267,72
1268,59
1269,84
1270,46
1271,85
1272,13
1273,14
1274,5
1275,81
1276,74
1277,34
1278,34
1279,93
1280,17
1281,43
1282,68
1283,64
1284,56
1285,67
1286,41
1287,35
1288,99
1289,41
1290,7
1291,68
1292,76
1293,59
1294,35
1295,97
1296,17
1297,97
1298,90
1299,2
1300,2
1301,6
1302,4
1303,91
1304,24
1305,3
1306,9
1307,30
1308,0
1309,18
1310,36
1311,15
1312,74
1313,38
1314,5
1315,51
1316,19
1317,70
1318,9
1319,9
1320,34
1321,82
1322,68
1323,8
1324,8
1325,7
1326,91
1327,58
1328,21
1329,27
1330,70
1331,81
1332,77
1333,87
1334,90
1335,47
1336,43
1337,63
1338,97
1339,31
1340,22
1341,20
1342,43
1343,27
1344,53
1345,35
1346,76
1347,27
1348,44
1349,44
1350,6
1351,35
1352,43
1353,30
1354,23
1355,68
1356,84
1357,52
1358,85
1359,23
1360,47
1361,76
1362,94
1363,78
1364,76
1365,91
1366,3
1367,28
1368,18
1369,52
1370,51
1371,98
1372,33
1373,0
1374,34
1375,29
1376,88
1377,81
1378,93
1379,42
1380,53
1381,5
1382,90
1383,75
1384,76
1385,32
1386,85
1387,44
1388,38
1389,2
1390,31
1391,41
1392,43
1393,23
1394,97
1395,17
1396,12
1397,43
1398,49
1399,2
1400,42
1401,43
1402,46
1403,34
1404,48
1405,27
1406,97
1407,43
1408,89
1409,43
1410,75
1411,74
1412,76
1413,75
1414,95
1415,94
1416,33
1417,52
1418,65
1419,83
1420,21
1421,68
1422,0
1423,43
1424,96
1425,43
1426,57
1427,86
1428,22
1429,54
1430,1
1431,97
1432,14
1433,43
1434,24
1435,13
1436,91
1437,69
1438,9
1439,43
1440,94
1441,57
1442,7
1443,97
1444,35
1445,64
1446,5
1447,24
1448,67
1449,13
1450,31
1451,59
1452,31
1453,31
1454,91
1455,8
1456,0
1457,53
1458,37
1459,16
1460,20
1461,35
1462,80
1463,43
1464,31
1465,12
1466,30
1467,38
1468,71
1469,8
1470,80
1471,89
1472,62
1473,36
1474,68
1475,86
1476,77
1477,95
1478,85
1479,86
1480,7
1481,97
1482,2
1483,45
1484,1
1485,53
1486,42
1487,8
1488,87
1489,58
1490,22
1491,58
1492,32
1493,38
1494,54
1495,36
1496,80
1497,96
1498,88
1499,48
1500,86
1501,52
1502,54
1503,17
1504,62
1505,44
1506,24
1507,97
1508,94
1509,24
1510,17
1511,5
1512,56
1513,12
1514,9
1515,15
1516,90
1517,75
1518,42
1519,35
1520,4
1521,31
1522,21
1523,63
1524,21
1525,20
1526,40
1527,32
1528,86
1529,34
1530,85
1531,43
1532,2
1533,35
1534,23
1535,47
1536,17
1537,47
1538,5
1539,73
1540,20
1541,36
1542,43
1543,38
1544,85
1545,48
1546,37
1547,79
1548,81
1549,75
1550,6
1551,76
1552,37
1553,21
1554,81
1555,55
1556,38
1557,48
1558,56
1559,86
1560,1
1561,20
1562,9
1563,17
1564,31
1565,52
1566,96
1567,43
1568,58
1569,21
1570,42
1571,75
1572,27
1573,37
1574,18
1575,59
1576,72
1577,30
1578,53
1579,5
1580,23
1581,87
1582,52
1583,33
1584,36
1585,21
1586,0
1587,51
1588,93
1589,20
1590,82
1591,75
1592,29
1593,33
1594,16
1595,76
1596,56
1597,87
1598,92
1599,99
1600,17
1601,69
1602,81
1603,20
1604,68
1605,96
1606,23
1607,15
1608,53
1609,77
1610,88
1611,85
1612,24
1613,55
1614,17
1615,5
1616,42
1617,37
1618,88
1619,21
1620,42
1621,21
1622,46
1623,27
1624,85
1625,61
1626,38
1627,41
1628,50
1629,40
1630,54
1631,0
1632,21
1633,30
1634,72
1635,84
1636,52
1637,58
1638,51
1639,17
1640,56
1641,94
1642,61
1643,97
1644,96
1645,2
1646,47
1647,33
1648,9
1649,23
1650,1
1651,51
1652,20
1653,47
1654,78
1655,21
1656,13
1657,94
1658,53
1659,56
1660,68
1661,43
1662,17
1663,1
1664,13
1665,46
1666,76
1667,67
1668,5
1669,20
1670,87
1671,0
1672,21
1673,21
1674,20
1675,8
1676,15
1677,94
1678,3
1679,7
1680,0
1681,56
1682,61
1683,96
1684,90
1685,97
1686,66
1687,31
1688,74
1689,42
1690,61
1691,47
1692,65
1693,48
1694,85
1695,74
1696,42
1697,77
1698,34
1699,24
1700,16
1701,8
1702,53
1703,20
1704,74
1705,93
1706,53
1707,31
1708,80
1709,37
1710,43
1711,24
1712,94
1713,82
1714,22
1715,21
1716,30
1717,66
1718,52
1719,0
1720,41
1721,43
1722,95
1723,79
1724,52
1725,42
1726,34
1727,13
1728,18
1729,61
1730,36
1731,79
1732,75
1733,46
1734,48
1735,21
1736,8
1737,69
1738,0
1739,79
1740,86
1741,85
1742,54
1743,53
1744,73
1745,49
1746,63
1747,91
1748,71
1749,33
1750,30
1751,97
1752,66
1753,60
1754,44
1755,97
1756,90
1757,89
1758,95
1759,34
1760,51
1761,21
1762,84
1763,52
1764,20
1765,53
1766,40
1767,18
1768,67
1769,30
1770,12
1771,42
1772,8
1773,29
1774,89
1775,97
1776,17
1777,56
1778,35
1779,14
1780,1
1781,82
1782,33
1783,43
1784,86
1785,58
1786,86
1787,78
1788,64
1789,20
1790,27
1791,94
1792,94
1793,40
1794,43
1795,35
1796,97
1797,12
1798,34
1799,34
1800,42
1801,29
1802,68
1803,52
1804,43
1805,21
1806,43
1807,86
1808,86
1809,61
1810,1
1811,43
1812,0
1813,97
1814,68
1815,4
1816,99
1817,5
1818,82
1819,76
1820,78
1821,61
1822,27
1823,77
1824,54
1825,49
1826,97
1827,94
1828,95
1829,58
1830,52
1831,95
1832,17
1833,35
1834,31
1835,17
1836,38
1837,61
1838,77
1839,87
1840,76
1841,8
1842,41
1843,97
1844,73
1845,85
1846,94
1847,64
1848,97
1849,21
1850,87
1851,94
1852,49
1853,21
1854,62
1855,52
1856,56
1857,28
1858,17
1859,53
1860,23
1861,29
1862,29
1863,53
1864,89
1865,34
1866,36
1867,18
1868,39
1869,79
1870,53
1871,58
1872,27
1873,17
1874,8
1875,98
1876,17
1877,6
1878,92
1879,68
1880,8
1881,96
1882,44
1883,18
1884,98
1885,30
1886,13
1887,48
1888,28
1889,82
1890,23
1891,52
1892,24
1893,33
1894,42
1895,86
1896,56
1897,21
1898,76
1899,7
1900,83
1901,42
1902,29
1903,22
1904,17
1905,93
1906,60
1907,89
1908,78
1909,5
1910,9
1911,60
1912,42
1913,21
1914,14
1915,80
1916,91
1917,84
1918,36
1919,77
1920,74
1921,39
1922,96
1923,38
1924,84
1925,0
1926,88
1927,0
1928,86
1929,95
1930,86
1931,69
1932,20
1933,61
1934,91
1935,76
1936,11
1937,97
1938,57
1939,77
1940,12
1941,57
1942,33
1943,36
1944,85
1945,20
1946,83
1947,24
1948,20
1949,66
1950,76
1951,31
1952,20
1953,44
1954,4
1955,99
1956,95
1957,21
1958,63
1959,83
1960,49
1961,31
1962,49
1963,39
1964,42
1965,61
1966,53
1967,70
1968,41
1969,36
1970,61
1971,88
1972,56
1973,97
1974,95
1975,41
1976,8
1977,97
1978,46
1979,97
1980,17
1981,37
1982,22
1983,54
1984,42
1985,41
1986,73
1987,22
1988,49
1989,84
1990,38
1991,77
1992,28
1993,75
1994,51
1995,78
1996,43
1997,58
1998,81
1999,4
2000,47
2001,41
2002,66
2003,65
2004,17
2005,19
2006,70
2007,11
2008,73
2009,64
2010,36
2011,9
2012,83
2013,96
2014,34
2015,1
2016,85
2017,53
2018,0
2019,13
2020,2
2021,21
2022,20
2023,8
2024,12
2025,81
2026,94
2027,21
2028,16
2029,34
2030,95
2031,85
2032,52
2033,4
2034,54
2035,31
2036,97
2037,78
2038,20
2039,43
2040,69
2041,21
2042,18
2043,0
2044,5
2045,33
2046,63
2047,78
2048,43
2049,51
2050,76
2051,63
2052,48
2053,23
2054,95
2055,61
2056,18
2057,24
2058,53
2059,79
2060,12
2061,94
2062,5
2063,17
2064,97
2065,17
2066,48
2067,38
2068,5
2069,0
2070,86
2071,7
2072,94
2073,54
2074,81
2075,42
2076,22
2077,47
2078,31
2079,4
2080,7
2081,20
2082,8
2083,99
2084,85
2085,95
2086,20
2087,52
2088,61
2089,54
2090,34
2091,23
2092,21
2093,74
2094,75
2095,22
2096,48
2097,51
2098,2
2099,78
2100,80
2101,89
2102,42
2103,94
2104,7
2105,76
2106,63
2107,64
2108,20
2109,84
2110,18
2111,17
2112,72
2113,75
2114,52
2115,54
2116,34
2117,30
2118,28
2119,79
2120,85
2121,31
2122,60
2123,89
2124,40
2125,84
2126,2
2127,87
2128,66
2129,16
2130,21
2131,36
2132,36
2133,1
2134,29
2135,84
2136,63
2137,82
2138,95
2139,96
2140,19
2141,39
2142,14
2143,7
2144,52
2145,15
2146,43
2147,4
2148,78
2149,30
2150,52
2151,4
2152,94
2153,68
2154,87
2155,72
2156,45
2157,17
2158,38
2159,52
2160,43
2161,20
2162,5
2163,24
2164,49
2165,76
2166,54
2167,27
2168,71
2169,40
2170,68
2171,89
2172,34
2173,30
2174,29
2175,57
2176,22
2177,33
2178,13
2179,48
2180,21
2181,61
2182,17
2183,56
2184,38
2185,15
2186,97
2187,35
2188,4
2189,8
2190,88
2191,76
2192,88
2193,22
2194,19
2195,85
2196,8
2197,91
2198,8
2199,60
2200,80
2201,41
2202,20
2203,76
2204,84
2205,66
2206,76
2207,71
2208,30
2209,2
2210,1
2211,27
2212,20
2213,94
2214,31
2215,27
2216,24
2217,80
2218,91
2219,97
2220,43
2221,35
2222,20
2223,6
2224,74
2225,67
2226,69
2227,97
2228,8
2229,82
2230,46
2231,43
2232,51
2233,86
2234,82
2235,60
2236,68
2237,99
2238,83
2239,92
2240,41
2241,52
2242,2
2243,82
2244,30
2245,86
2246,46
2247,30
2248,79
2249,43
2250,17
2251,42
2252,17
2253,18
2254,56
2255,18
2256,99
2257,91
2258,97
2259,1
2260,56
2261,68
2262,86
2263,61
2264,43
2265,68
2266,79
2267,89
2268,75
2269,2
2270,47
2271,53
2272,98
2273,60
2274,62
2275,24
2276,63
2277,69
2278,56
2279,30
2280,30
2281,43
2282,18
2283,52
2284,68
2285,37
2286,96
2287,21
2288,47
2289,68
2290,2
2291,19
2292,40
2293,58
2294,5
2295,54
2296,8
2297,76
2298,68
2299,51
2300,84
2301,42
2302,61
2303,26
2304,49
2305,88
2306,21
2307,97
2308,28
2309,7
2310,98
2311,23
2312,80
2313,54
2314,14
2315,19
2316,45
2317,45
2318,51
2319,30
2320,49
2321,57
2322,67
2323,76
2324,95
2325,30
2326,30
2327,43
2328,54
2329,97
2330,72
2331,43
2332,51
2333,69
2334,94
2335,60
2336,36
2337,23
2338,58
2339,21
2340,42
2341,43
2342,65
2343,82
2344,79
2345,35
2346,30
2347,42
2348,94
2349,44
2350,76
2351,38
2352,28
2353,30
2354,23
2355,52
2356,88
2357,79
2358,11
2359,61
2360,37
2361,93
2362,43
2363,90
2364,79
2365,84
2366,43
2367,59
2368,5
2369,17
2370,8
2371,53
2372,76
2373,76
2374,38
2375,0
2376,81
2377,1
2378,5
2379,85
2380,41
2381,43
2382,20
2383,52
2384,4
2385,1
2386,35
2387,61
2388,35
2389,66
2390,86
2391,98
2392,90
2393,30
2394,61
2395,43
2396,58
2397,43
2398,61
2399,89
2400,70
2401,2
2402,96
2403,15
2404,23
2405,74
2406,0
2407,69
2408,52
2409,17
2410,54
2411,38
2412,61
2413,12
2414,0
2415,7
2416,50
2417,75
2418,17
2419,86
2420,88
2421,58
2422,78
2423,95
2424,66
2425,0
2426,0
2427,84
2428,64
2429,74
2430,53
2431,94
2432,47
2433,12
2434,99
2435,84
2436,57
2437,76
2438,38
2439,49
2440,8
2441,31
2442,67
2443,40
2444,76
2445,24
2446,82
2447,42
2448,12
2449,99
2450,69
2451,65
2452,2
2453,94
2454,43
2455,55
2456,43
2457,2
2458,95
2459,54
2460,41
2461,6
2462,77
2463,61
2464,24
2465,58
2466,14
2467,53
2468,3
2469,83
2470,20
2471,63
2472,30
2473,66
2474,23
2475,72
2476,85
2477,80
2478,33
2479,86
2480,98
2481,90
2482,54
2483,84
2484,66
2485,33
2486,42
2487,61
2488,0
2489,31
2490,27
2491,23
2492,85
2493,12
2494,86
2495,17
2496,8
2497,2
2498,5
2499,71
2500,23
2501,76
2502,74
2503,89
2504,60
2505,69
2506,17
2507,97
2508,48
2509,38
2510,9
2511,24
2512,0
2513,84
2514,17
2515,57
2516,62
2517,89
2518,34
2519,19
2520,37
2521,4
2522,67
2523,53
2524,60
2525,2
2526,13
2527,26
2528,66
2529,47
2530,70
2531,52
2532,93
2533,61
2534,27
2535,89
2536,27
2537,79
2538,23
2539,76
2540,33
2541,33
2542,1
2543,75
2544,34
2545,82
2546,64
2547,20
2548,78
2549,68
2550,8
2551,60
2552,2
2553,34
2554,37
2555,48
2556,58
2557,40
2558,77
2559,0
2560,62
2561,92
2562,48
2563,61
2564,78
2565,16
2566,85
2567,43
2568,81
2569,15
2570,42
2571,18
2572,43
2573,3
2574,67
2575,8
2576,20
2577,15
2578,91
2579,51
2580,4
2581,5
2582,29
2583,86
2584,12
2585,75
2586,22
2587,88
2588,81
2589,18
2590,66
2591,13
2592,73
2593,98
2594,52
2595,77
2596,74
2597,64
2598,31
2599,44
2600,98
2601,44
2602,85
2603,82
2604,57
2605,45
2606,8
2607,5
2608,2
2609,33
2610,46
2611,73
2612,59
2613,69
2614,84
2615,55
2616,75
2617,31
2618,97
2619,34
2620,85
2621,54
2622,80
2623,97
2624,89
2625,42
2626,67
2627,39
2628,52
2629,52
2630,45
2631,33
2632,1
2633,36
2634,65
2635,37
2636,13
2637,37
2638,21
2639,85
2640,23
2641,36
2642,38
2643,54
2644,30
2645,54
2646,3
2647,38
2648,0
2649,31
2650,72
2651,50
2652,5
2653,74
2654,47
2655,86
2656,61
2657,21
2658,63
2659,58
2660,17
2661,20
2662,85
2663,57
2664,78
2665,47
2666,34
2667,45
2668,84
2669,86
2670,42
2671,43
2672,52
2673,75
2674,22
2675,89
2676,83
2677,43
2678,5
2679,45
2680,64
2681,97
2682,50
2683,1
2684,20
2685,54
2686,16
2687,27
2688,91
2689,22
2690,85
2691,28
2692,27
2693,53
2694,54
2695,43
2696,71
2697,80
2698,58
2699,37
2700,49
2701,17
2702,21
2703,97
2704,42
2705,46
2706,75
2707,90
2708,14
2709,60
2710,37
2711,20
2712,17
2713,36
2714,78
2715,94
2716,75
2717,5
2718,97
2719,90
2720,15
2721,44
2722,31
2723,91
2724,52
2725,95
2726,80
2727,7
2728,72
2729,86
2730,60
2731,69
2732,76
2733,38
2734,47
2735,68
2736,20
2737,40
2738,86
2739,5
2740,82
2741,43
2742,91
2743,51
2744,12
2745,81
2746,6
2747,35
2748,52
2749,68
2750,44
2751,6
2752,1
2753,56
2754,80
2755,42
2756,32
2757,19
2758,21
2759,89
2760,89
2761,77
2762,94
2763,43
2764,97
2765,61
2766,6
2767,77
2768,38
2769,44
2770,85
2771,5
2772,73
2773,32
2774,43
2775,98
2776,3
2777,11
2778,88
2779,60
2780,40
2781,51
2782,62
2783,34
2784,35
2785,61
2786,85
2787,22
2788,41
2789,12
2790,42
2791,34
2792,23
2793,21
2794,95
2795,68
2796,42
2797,94
2798,54
2799,38
2800,47
2801,59
2802,48
2803,94
2804,70
2805,43
2806,7
2807,4
2808,30
2809,4
2810,71
2811,83
2812,61
2813,68
2814,82
2815,0
2816,5
2817,59
2818,18
2819,20
2820,66
2821,64
2822,9
2823,63
2824,33
2825,74
2826,31
2827,85
2828,97
2829,67
2830,54
2831,82
2832,37
2833,30
2834,31
2835,21
2836,26
2837,39
2838,18
2839,18
2840,76
2841,66
2842,91
2843,85
2844,63
2845,43
2846,35
2847,84
2848,57
2849,38
2850,17
2851,17
2852,44
2853,44
2854,53
2855,85
2856,82
2857,44
2858,21
2859,7
2860,27
2861,6
2862,38
2863,46
2864,21
2865,70
2866,27
2867,84
2868,11
2869,13
2870,94
2871,96
2872,78
2873,31
2874,64
2875,68
2876,61
2877,52
2878,84
2879,75
2880,70
2881,23
2882,94
2883,22
2884,27
2885,89
2886,33
2887,75
2888,46
2889,68
2890,53
2891,97
2892,68
2893,85
2894,0
2895,36
2896,70
2897,86
2898,81
2899,2
2900,21
2901,43
2902,17
2903,53
2904,26
2905,20
2906,14
2907,91
2908,49
2909,42
2910,94
2911,32
2912,16
2913,27
2914,97
2915,61
2916,4
2917,58
2918,62
2919,78
2920,88
2921,99
2922,85
2923,34
2924,97
2925,98
2926,20
2927,3
2928,41
2929,21
2930,97
2931,52
2932,30
2933,86
2934,84
2935,2
2936,22
2937,43
2938,53
2939,38
2940,75
2941,85
2942,34
2943,24
2944,5
2945,94
2946,85
2947,73
2948,34
2949,84
2950,61
2951,41
2952,97
2953,53
2954,60
2955,4
2956,48
2957,58
2958,73
2959,26
2960,0
2961,85
2962,18
2963,54
2964,34
2965,20
2966,63
2967,27
2968,41
2969,23
2970,97
2971,53
2972,82
2973,24
2974,95
2975,14
2976,67
2977,96
2978,99
2979,8
2980,97
2981,61
2982,30
2983,97
2984,1
2985,29
2986,81
2987,86
2988,0
2989,6
2990,88
2991,8
2992,37
2993,44
2994,76
2995,12
2996,8
2997,71
2998,63
2999,73
3000,21
3001,53
3002,40
3003,35
3004,27
3005,0
3006,46
3007,69
3008,14
3009,42
3010,42
3011,2
3012,6
3013,18
3014,94
3015,50
3016,55
3017,90
3018,74
3019,38
3020,37
3021,60
3022,54
3023,34
3024,38
3025,21
3026,58
3027,8
3028,0
3029,24
3030,97
3031,18
3032,80
3033,21
3034,60
3035,84
3036,88
3037,54
3038,42
3039,78
3040,86
3041,75
3042,86
3043,38
3044,56
3045,3
3046,68
3047,27
3048,18
3049,43
3050,97
3051,43
3052,48
3053,53
3054,37
3055,41
3056,53
3057,87
3058,8
3059,53
3060,59
3061,31
3062,43
3063,95
3064,80
3065,67
3066,0
3067,76
3068,46
3069,5
3070,75
3071,73
3072,90
3073,96
3074,23
3075,75
3076,47
3077,69
3078,97
3079,7
3080,58
3081,50
3082,97
3083,85
3084,17
3085,5
3086,31
3087,32
3088,51
3089,47
3090,14
3091,94
3092,55
3093,10
3094,50
3095,5
3096,17
3097,76
3098,23
3099,31
3100,85
3101,61
3102,64
3103,20
3104,42
3105,24
3106,56
3107,82
3108,51
3109,72
3110,60
3111,82
3112,44
3113,31
3114,19
3115,53
3116,81
3117,12
3118,31
3119,86
3120,76
3121,4
3122,0
3123,57
3124,28
3125,43
3126,35
3127,75
3128,18
3129,74
3130,8
3131,78
3132,70
3133,97
3134,1
3135,43
3136,51
3137,71
3138,94
3139,95
3140,18
3141,94
3142,73
3143,21
3144,76
3145,86
3146,46
3147,67
3148,43
3149,94
3150,76
3151,2
3152,71
3153,15
3154,52
3155,38
3156,30
3157,5
3158,30
3159,71
3160,35
3161,6
3162,36
3163,76
3164,47
3165,17
3166,42
3167,76
3168,37
3169,21
3170,97
3171,2
3172,80
3173,37
3174,0
3175,89
3176,32
3177,89
3178,31
3179,43
3180,77
3181,41
3182,18
3183,30
3184,24
3185,33
3186,20
3187,84
3188,0
3189,69
3190,64
3191,84
3192,42
3193,89
3194,85
3195,89
3196,24
3197,91
3198,64
3199,89
3200,42
3201,86
3202,52
3203,36
3204,68
3205,93
3206,26
3207,24
3208,72
3209,61
3210,54
3211,0
3212,79
3213,30
3214,45
3215,60
3216,9
3217,61
3218,52
3219,68
3220,49
3221,73
3222,21
3223,49
3224,46
3225,29
3226,5
3227,54
3228,69
3229,98
3230,51
3231,72
3232,18
3233,53
3234,99
3235,94
3236,58
3237,90
3238,20
3239,23
3240,48
3241,29
3242,17
3243,12
3244,60
3245,43
3246,56
3247,39
3248,48
3249,91
3250,48
3251,31
3252,99
3253,61
3254,74
3255,86
3256,12
3257,36
3258,34
3259,8
3260,45
3261,34
3262,44
3263,83
3264,21
3265,31
3266,83
3267,76
3268,35
3269,39
3270,66
3271,86
3272,30
3273,2
3274,2
3275,44
3276,89
3277,30
3278,27
3279,9
3280,0
3281,35
3282,39
3283,38
3284,76
3285,71
3286,45
3287,91
3288,85
3289,60
3290,49
3291,17
3292,0
3293,20
3294,63
3295,67
3296,93
3297,20
3298,23
3299,6
3300,30
3301,52
3302,76
3303,56
3304,28
3305,51
3306,89
3307,54
3308,0
3309,43
3310,30
3311,82
3312,22
3313,35
3314,18
3315,2
3316,69
3317,95
3318,99
3319,90
3320,7
3321,31
3322,97
3323,60
3324,33
3325,67
3326,2
3327,33
3328,88
3329,80
3330,81
3331,86
3332,98
3333,4
3334,66
3335,57
3336,77
3337,18
3338,27
3339,68
3340,38
3341,75
3342,33
3343,15
3344,45
3345,21
3346,10
3347,39
3348,10
3349,20
3350,87
3351,21
3352,51
3353,1
3354,2
3355,53
3356,85
3357,33
3358,53
3359,58
3360,94
3361,70
3362,34
3363,76
3364,28
3365,42
3366,47
3367,0
3368,77
3369,89
3370,86
3371,72
3372,4
3373,86
3374,89
3375,0
3376,48
3377,48
3378,94
3379,80
3380,24
3381,79
3382,27
3383,37
3384,17
3385,20
3386,82
3387,42
3388,71
3389,15
3390,33
3391,20
3392,12
3393,21
3394,94
3395,54
3396,1
3397,11
3398,89
3399,99
3400,11
3401,85
3402,82
3403,14
3404,3
3405,42
3406,0
3407,71
3408,93
3409,16
3410,85
3411,3
3412,89
3413,0
3414,23
3415,11
3416,96
3417,19
3418,84
3419,69
3420,24
3421,62
3422,37
3423,19
3424,17
3425,35
3426,42
3427,97
3428,66
3429,57
3430,97
3431,20
3432,93
3433,84
3434,7
3435,53
3436,60
3437,84
3438,91
3439,71
3440,56
3441,52
3442,21
3443,17
3444,6
3445,75
3446,24
3447,75
3448,23
3449,47
3450,60
3451,57
3452,86
3453,76
3454,89
3455,49
3456,21
3457,39
3458,76
3459,29
3460,69
3461,31
3462,32
3463,36
3464,52
3465,56
3466,12
3467,8
3468,94
3469,31
3470,99
3471,71
3472,98
3473,14
3474,18
3475,78
3476,15
3477,31
3478,13
3479,99
3480,75
3481,2
3482,59
3483,91
3484,19
3485,97
3486,88
3487,86
3488,73
3489,30
3490,48
3491,85
3492,94
3493,43
3494,23
3495,73
3496,84
3497,53
3498,38
3499,1
3500,12
3501,38
3502,51
3503,29
3504,42
3505,99
3506,89
3507,40
3508,61
3509,82
3510,0
3511,24
3512,70
3513,17
3514,31
3515,96
3516,0
3517,42
3518,58
3519,0
3520,76
3521,92
3522,79
3523,17
3524,30
3525,48
3526,94
3527,8
3528,21
3529,24
3530,95
3531,1
3532,4
3533,65
3534,43
3535,35
3536,85
3537,27
3538,97
3539,56
3540,85
3541,81
3542,24
3543,81
3544,28
3545,2
3546,89
3547,43
3548,0
3549,31
3550,27
3551,52
3552,80
3553,37
3554,1
3555,23
3556,31
3557,20
3558,48
3559,47
3560,76
3561,86
3562,18
3563,5
3564,86
3565,28
3566,85
3567,59
3568,20
3569,8
3570,42
3571,8
3572,23
3573,24
3574,96
3575,86
3576,41
3577,91
3578,78
3579,13
3580,37
3581,43
3582,52
3583,12
3584,17
3585,74
3586,8
3587,73
3588,18
3589,61
3590,75
3591,86
3592,53
3593,69
3594,27
3595,23
3596,41
3597,43
3598,42
3599,46
3600,68
3601,62
3602,29
3603,21
3604,73
3605,34
3606,54
3607,38
3608,43
3609,20
3610,78
3611,79
3612,71
3613,77
3614,24
3615,15
3616,2
3617,95
3618,86
3619,29
3620,44
3621,80
3622,43
3623,99
3624,52
3625,54
3626,51
3627,66
3628,38
3629,61
3630,58
3631,18
3632,57
3633,73
3634,40
3635,52
3636,5
3637,52
3638,5
3639,48
3640,68
3641,86
3642,45
3643,39
3644,19
3645,52
3646,43
3647,90
3648,29
3649,67
3650,86
3651,51
3652,31
3653,48
3654,28
3655,13
3656,74
3657,18
3658,42
3659,8
3660,97
3661,95
3662,90
3663,9
3664,91
3665,51
3666,12
3667,64
3668,38
3669,66
3670,5
3671,41
3672,71
3673,77
3674,75
3675,90
3676,24
3677,17
3678,23
3679,61
3680,98
3681,19
3682,41
3683,61
3684,42
3685,77
3686,26
3687,42
3688,10
3689,2
3690,31
3691,70
3692,42
3693,8
3694,5
3695,86
3696,96
3697,89
3698,30
3699,42
3700,43
3701,13
3702,61
3703,80
3704,61
3705,0
3706,68
3707,58
3708,43
3709,79
3710,49
3711,97
3712,0
3713,51
3714,19
3715,21
3716,42
3717,55
3718,39
3719,71
3720,19
3721,68
3722,63
3723,45
3724,2
3725,0
3726,95
3727,90
3728,61
3729,43
3730,94
3731,97
3732,85
3733,63
3734,19
3735,56
3736,89
3737,8
3738,95
3739,25
3740,17
3741,73
3742,51
3743,23
3744,99
3745,55
3746,51
3747,97
3748,56
3749,64
3750,79
3751,0
3752,94
3753,5
3754,2
3755,48
3756,37
3757,94
3758,59
3759,43
3760,79
3761,96
3762,24
3763,85
3764,56
3765,2
3766,31
3767,93
3768,77
3769,15
3770,82
3771,8
3772,66
3773,52
3774,49
3775,45
3776,92
3777,63
3778,99
3779,74
3780,5
3781,0
3782,27
3783,86
3784,77
3785,79
3786,1
3787,0
3788,74
3789,6
3790,95
3791,47
3792,37
3793,97
3794,40
3795,41
3796,76
3797,76
3798,51
3799,81
3800,46
3801,0
3802,97
3803,88
3804,91
3805,97
3806,94
3807,20
3808,7
3809,21
3810,17
3811,47
3812,42
3813,68
3814,7
3815,58
3816,28
3817,91
3818,52
3819,63
3820,46
3821,85
3822,56
3823,34
3824,21
3825,85
3826,74
3827,61
3828,83
3829,48
3830,31
3831,51
3832,47
3833,68
3834,85
3835,21
3836,22
3837,69
3838,49
3839,75
3840,45
3841,92
3842,59
3843,30
3844,34
3845,14
3846,59
3847,62
3848,94
3849,97
3850,54
3851,69
3852,4
3853,84
3854,15
3855,39
3856,87
3857,42
3858,86
3859,18
3860,73
3861,4
3862,26
3863,73
3864,41
3865,47
3866,80
3867,42
3868,61
3869,9
3870,57
3871,17
3872,99
3873,8
3874,85
3875,86
3876,25
3877,28
3878,60
3879,2
3880,38
3881,78
3882,8
3883,78
3884,84
3885,71
3886,97
3887,37
3888,5
3889,75
3890,23
3891,84
3892,64
3893,29
3894,76
3895,20
3896,7
3897,85
3898,7
3899,27
3900,58
3901,10
3902,67
3903,46
3904,97
3905,60
3906,94
3907,51
3908,34
3909,68
3910,10
3911,71
3912,20
3913,90
3914,7
3915,5
3916,72
3917,7
3918,54
3919,91
3920,52
3921,15
3922,51
3923,31
3924,43
3925,5
3926,76
3927,58
3928,76
3929,30
3930,27
3931,17
3932,1
3933,49
3934,27
3935,68
3936,31
3937,56
3938,23
3939,31
3940,86
3941,13
3942,82
3943,36
3944,33
3945,8
3946,94
3947,13
3948,77
3949,76
3950,76
3951,97
3952,98
3953,70
3954,17
3955,78
3956,95
3957,75
3958,96
3959,51
3960,55
3961,27
3962,89
3963,27
3964,71
3965,96
3966,7
3967,40
3968,34
3969,47
3970,76
3971,41
3972,65
3973,23
3974,59
3975,82
3976,14
3977,84
3978,6
3979,28
3980,5
3981,96
3982,21
3983,77
3984,51
3985,35
3986,21
3987,29
3988,21
3989,75
3990,86
3991,90
3992,60
3993,78
3994,77
3995,6
3996,6
3997,44
3998,21
3999,52
4000,71
4001,10
4002,94
4003,4
4004,38
4005,77
4006,54
4007,13
4008,48
4009,62
4010,86
4011,93
4012,2
4013,9
4014,58
4015,37
4016,30
4017,93
4018,97
4019,85
4020,57
4021,14
4022,51
4023,16
4024,69
4025,49
4026,46
4027,81
4028,41
4029,9
4030,7
4031,94
4032,17
4033,94
4034,94
4035,52
4036,2
4037,61
4038,85
4039,43
4040,31
4041,76
4042,74
4043,2
4044,66
4045,52
4046,34
4047,41
4048,68
4049,38
4050,5
4051,43
4052,62
4053,10
4054,18
4055,20
4056,35
4057,44
4058,89
4059,3
4060,37
4061,20
4062,58
4063,97
4064,85
4065,89
4066,0
4067,74
4068,95
4069,45
4070,14
4071,35
4072,43
4073,82
4074,67
4075,80
4076,31
4077,97
4078,18
4079,99
4080,86
4081,79
4082,2
4083,93
4084,78
4085,73
4086,52
4087,89
4088,49
4089,82
4090,42
4091,33
4092,71
4093,76
4094,21
4095,94
4096,30
4097,33
4098,64
4099,53
4100,0
4101,63
4102,29
4103,82
4104,75
4105,69
4106,8
4107,34
4108,74
4109,89
4110,64
4111,61
4112,70
4113,14
4114,86
4115,23
4116,95
4117,42
4118,34
4119,97
4120,22
4121,68
4122,17
4123,86
4124,49
4125,20
4126,27
4127,66
4128,92
4129,87
4130,60
4131,38
4132,92
4133,17
4134,5
4135,42
4136,85
4137,12
4138,38
4139,20
4140,78
4141,54
4142,46
4143,91
4144,0
4145,15
4146,99
4147,48
4148,1
4149,60
4150,83
4151,45
4152,71
4153,97
4154,5
4155,43
4156,36
4157,4
4158,37
4159,0
4160,71
4161,80
4162,21
4163,61
4164,43
4165,56
4166,28
4167,12
4168,31
4169,73
4170,46
4171,43
4172,49
4173,21
4174,43
4175,34
4176,61
4177,42
4178,35
4179,87
4180,2
4181,21
4182,42
4183,97
4184,64
4185,81
4186,20
4187,21
4188,44
4189,68
4190,31
4191,3
4192,60
4193,76
4194,17
4195,39
4196,58
4197,42
4198,31
4199,89
4200,48
4201,86
4202,95
4203,43
4204,86
4205,24
4206,91
4207,23
4208,94
4209,60
4210,90
4211,37
4212,60
4213,52
4214,20
4215,63
4216,54
4217,53
4218,78
4219,4
4220,13
4221,57
4222,97
4223,86
4224,47
4225,75
4226,5
4227,99
4228,68
4229,77
4230,54
4231,17
4232,85
4233,54
4234,42
4235,23
4236,97
4237,24
4238,19
4239,8
4240,5
4241,2
4242,75
4243,31
4244,93
4245,94
4246,8
4247,35
4248,40
4249,36
4250,19
4251,33
4252,97
4253,77
4254,51
4255,34
4256,5
4257,2
4258,86
4259,20
4260,47
4261,59
4262,30
4263,14
4264,34
4265,24
4266,43
4267,18
4268,96
4269,42
4270,58
4271,97
4272,7
4273,74
4274,24
4275,73
4276,31
4277,2
4278,95
4279,31
4280,79
4281,8
4282,73
4283,86
4284,5
4285,38
4286,89
4287,42
4288,31
4289,0
4290,74
4291,12
4292,27
4293,75
4294,66
4295,45
4296,13
4297,61
4298,15
4299,85
4300,73
4301,78
4302,97
4303,43
4304,34
4305,14
4306,10
4307,47
4308,91
4309,56
4310,60
4311,33
4312,1
4313,43
4314,94
4315,1
4316,58
4317,2
4318,8
4319,77
4320,80
4321,9
4322,85
4323,80
4324,86
4325,73
4326,80
4327,68
4328,61
4329,63
4330,59
4331,20
4332,15
4333,43
4334,28
4335,89
4336,54
4337,87
4338,65
4339,81
4340,0
4341,69
4342,75
4343,97
4344,71
4345,5
4346,53
4347,42
4348,48
4349,15
4350,8
4351,73
4352,89
4353,31
4354,36
4355,20
4356,73
4357,63
4358,17
4359,84
4360,57
4361,58
4362,52
4363,38
4364,8
4365,43
4366,87
4367,53
4368,22
4369,58
4370,59
4371,93
4372,71
4373,70
4374,6
4375,68
4376,82
4377,0
4378,64
4379,17
4380,56
4381,49
4382,50
4383,64
4384,86
4385,43
4386,51
4387,43
4388,95
4389,61
4390,79
4391,39
4392,24
4393,46
4394,51
4395,2
4396,54
4397,74
4398,37
4399,2
4400,24
4401,6
4402,38
4403,53
4404,89
4405,75
4406,68
4407,24
4408,60
4409,42
4410,80
4411,26
4412,75
4413,33
4414,91
4415,37
4416,12
4417,43
4418,24
4419,31
4420,35
4421,68
4422,28
4423,75
4424,13
4425,41
4426,75
4427,86
4428,7
4429,42
4430,42
4431,18
4432,43
4433,0
4434,35
4435,43
4436,18
4437,49
4438,96
4439,2
4440,96
4441,34
4442,62
4443,86
4444,20
4445,91
4446,90
4447,42
4448,23
4449,38
4450,94
4451,4
4452,43
4453,92
4454,33
4455,99
4456,75
4457,18
4458,16
4459,0
4460,52
4461,92
4462,96
4463,75
4464,87
4465,52
4466,94
4467,20
4468,61
4469,42
4470,75
4471,29
4472,7
4473,21
4474,19
4475,94
4476,91
4477,75
4478,75
4479,73
4480,84
4481,75
4482,6
4483,85
4484,2
4485,80
4486,33
4487,34
4488,18
4489,12
4490,12
4491,31
4492,60
4493,51
4494,17
4495,15
4496,43
4497,17
4498,81
4499,52
4500,17
4501,21
4502,62
4503,93
4504,75
4505,75
4506,58
4507,17
4508,37
4509,69
4510,17
4511,86
4512,80
4513,29
4514,51
4515,56
4516,64
4517,59
4518,5
4519,57
4520,94
4521,85
4522,73
4523,84
4524,30
4525,51
4526,98
4527,8
4528,36
4529,97
4530,52
4531,14
4532,75
4533,72
4534,53
4535,8
4536,83
4537,97
4538,5
4539,77
4540,12
4541,31
4542,52
4543,62
4544,36
4545,94
4546,31
4547,86
4548,42
4549,89
4550,21
4551,9
4552,53
4553,52
4554,75
4555,27
4556,60
4557,70
4558,88
4559,84
4560,11
4561,2
4562,61
4563,17
4564,20
4565,47
4566,95
4567,70
4568,5
4569,27
4570,97
4571,95
4572,26
4573,97
4574,36
4575,54
4576,78
4577,42
4578,41
4579,4
4580,95
4581,47
4582,59
4583,57
4584,68
4585,21
4586,87
4587,62
4588,58
4589,84
4590,18
4591,24
4592,30
4593,99
4594,4
4595,22
4596,18
4597,76
4598,68
4599,21
4600,70
4601,90
4602,97
4603,55
4604,18
4605,41
4606,38
4607,61
4608,33
4609,80
4610,89
4611,39
4612,5
4613,70
4614,30
4615,17
4616,7
4617,52
4618,66
4619,99
4620,33
4621,34
4622,27
4623,46
4624,62
4625,29
4626,21
4627,3
4628,31
4629,61
4630,2
4631,43
4632,4
4633,5
4634,66
4635,32
4636,66
4637,18
4638,5
4639,17
4640,20
4641,92
4642,56
4643,67
4644,72
4645,67
4646,61
4647,97
4648,29
4649,97
4650,95
4651,68
4652,72
4653,51
4654,97
4655,61
4656,13
4657,52
4658,90
4659,46
4660,68
4661,71
4662,51
4663,17
4664,76
4665,28
4666,14
4667,97
4668,5
4669,18
4670,65
4671,79
4672,51
4673,47
4674,81
4675,48
4676,45
4677,97
4678,90
4679,94
4680,89
4681,11
4682,68
4683,61
4684,62
4685,96
4686,7
4687,54
4688,81
4689,43
4690,46
4691,89
4692,66
4693,1
4694,90
4695,86
4696,4
4697,57
4698,9
4699,54
4700,77
4701,62
4702,42
4703,34
4704,42
4705,54
4706,34
4707,80
4708,75
4709,28
4710,34
4711,43
4712,33
4713,97
4714,74
4715,21
4716,58
4717,99
4718,27
4719,96
4720,66
4721,93
4722,20
4723,43
4724,66
4725,28
4726,96
4727,34
4728,97
4729,47
4730,52
4731,81
4732,18
4733,63
4734,61
4735,54
4736,47
4737,96
4738,93
4739,49
4740,90
4741,41
4742,88
4743,30
4744,76
4745,21
4746,82
4747,52
4748,74
4749,42
4750,2
4751,38
4752,43
4753,98
4754,18
4755,20
4756,90
4757,31
4758,32
4759,67
4760,0
4761,40
4762,4
4763,17
4764,23
4765,48
4766,71
4767,53
4768,59
4769,13
4770,95
4771,5
4772,81
4773,5
4774,60
4775,57
4776,95
4777,71
4778,74
4779,34
4780,22
4781,24
4782,67
4783,35
4784,12
4785,82
4786,78
4787,43
4788,13
4789,35
4790,26
4791,77
4792,57
4793,37
4794,95
4795,52
4796,24
4797,70
4798,30
4799,86
4800,61
4801,17
4802,8
4803,71
4804,20
4805,93
4806,28
4807,90
4808,17
4809,39
4810,97
4811,97
4812,51
4813,26
4814,61
4815,9
4816,23
4817,16
4818,87
4819,81
4820,38
4821,86
4822,76
4823,0
4824,86
4825,84
4826,95
4827,42
4828,33
4829,39
4830,86
4831,43
4832,57
4833,89
4834,69
4835,6
4836,11
4837,86
4838,85
4839,11
4840,43
4841,23
4842,43
4843,61
4844,68
4845,61
4846,2
4847,87
4848,9
4849,17
4850,5
4851,82
4852,37
4853,94
4854,43
4855,58
4856,42
4857,76
4858,69
4859,22
4860,75
4861,99
4862,8
4863,91
4864,85
4865,94
4866,68
4867,42
4868,91
4869,28
4870,75
4871,80
4872,91
4873,31
4874,31
4875,79
4876,98
4877,42
4878,97
4879,37
4880,87
4881,86
4882,48
4883,86
4884,5
4885,10
4886,8
4887,12
4888,76
4889,89
4890,16
4891,97
4892,58
4893,49
4894,98
4895,97
4896,1
4897,39
4898,86
4899,61
4900,84
4901,27
4902,22
4903,75
4904,85
4905,56
4906,43
4907,31
4908,63
4909,95
4910,97
4911,4
4912,94
4913,59
4914,38
4915,66
4916,60
4917,35
4918,20
4919,69
4920,23
4921,27
4922,42
4923,57
4924,86
4925,59
4926,34
4927,59
4928,40
4929,66
4930,76
4931,37
4932,54
4933,94
4934,86
4935,63
4936,8
4937,44
4938,30
4939,54
4940,67
4941,7
4942,8
4943,18
4944,86
4945,79
4946,33
4947,94
4948,0
4949,97
4950,68
4951,24
4952,30
4953,2
4954,32
4955,76
4956,43
4957,96
4958,89
4959,95
4960,8
4961,6
4962,2
4963,0
4964,93
4965,0
4966,20
4967,60
4968,51
4969,4
4970,75
4971,66
4972,48
4973,68
4974,24
4975,47
4976,3
4977,47
4978,70
4979,99
4980,78
4981,17
4982,1
4983,91
4984,42
4985,79
4986,86
4987,96
4988,36
4989,53
4990,54
4991,34
4992,42
4993,59
4994,97
4995,45
4996,2
4997,75
4998,86
4999,42
5000,56
5001,53
5002,47
5003,74
5004,23
5005,82
5006,71
5007,39
5008,85
5009,19
5010,88
5011,17
5012,80
5013,74
5014,68
5015,47
5016,31
5017,2
5018,68
5019,47
5020,60
5021,54
5022,20
5023,23
5024,77
5025,89
5026,2
5027,5
5028,54
5029,34
5030,9
5031,80
5032,39
5033,44
5034,43
5035,32
5036,46
5037,41
5038,31
5039,71
5040,97
5041,17
5042,76
5043,21
5044,97
5045,71
5046,98
5047,51
5048,86
5049,52
5050,48
5051,74
5052,67
5053,85
5054,5
5055,88
5056,8
5057,80
5058,16
5059,79
5060,66
5061,94
5062,69
5063,12
5064,13
5065,53
5066,81
5067,19
5068,9
5069,1
5070,94
5071,24
5072,77
5073,39
5074,91
5075,44
5076,21
5077,90
5078,64
5079,55
5080,35
5081,85
5082,44
5083,61
5084,51
5085,1
5086,48
5087,66
5088,1
5089,52
5090,21
5091,48
5092,64
5093,61
5094,52
5095,77
5096,20
5097,14
5098,68
5099,43
5100,76
5101,36
5102,7
5103,15
5104,30
5105,30
5106,79
5107,29
5108,0
5109,42
5110,58
5111,77
5112,81
5113,66
5114,48
5115,17
5116,84
5117,36
5118,78
5119,68
5120,21
5121,58
5122,59
5123,14
5124,21
5125,13
5126,69
5127,13
5128,74
5129,19
5130,90
5131,35
5132,21
5133,37
5134,28
5135,97
5136,68
5137,17
5138,94
5139,29
5140,71
5141,89
5142,22
5143,74
5144,32
5145,47
5146,20
5147,35
5148,15
5149,37
5150,38
5151,23
5152,81
5153,68
5154,31
5155,24
5156,75
5157,95
5158,47
5159,8
5160,43
5161,54
5162,12
5163,66
5164,75
5165,4
5166,97
5167,21
5168,44
5169,85
5170,57
5171,99
5172,28
5173,30
5174,98
5175,58
5176,89
5177,36
5178,94
5179,86
5180,34
5181,94
5182,34
5183,35
5184,13
5185,42
5186,60
5187,76
5188,42
5189,89
5190,30
5191,24
5192,49
5193,76
5194,8
5195,28
5196,71
5197,40
5198,29
5199,42
5200,21
5201,85
5202,91
5203,61
5204,40
5205,60
5206,38
5207,66
5208,75
5209,18
5210,23
5211,57
5212,90
5213,39
5214,24
5215,15
5216,95
5217,75
5218,14
5219,88
5220,91
5221,30
5222,89
5223,52
5224,52
5225,49
5226,43
5227,8
5228,30
5229,86
5230,47
5231,42
5232,23
5233,42
5234,99
5235,59
5236,93
5237,52
5238,96
5239,91
5240,60
5241,49
5242,68
5243,63
5244,7
5245,56
5246,24
5247,72
5248,76
5249,5
5250,54
5251,16
5252,33
5253,42
5254,42
5255,46
5256,93
5257,31
5258,51
5259,69
5260,82
5261,77
5262,30
5263,52
5264,71
5265,52
5266,52
5267,60
5268,95
5269,61
5270,61
5271,36
5272,17
5273,85
5274,77
5275,30
5276,78
5277,57
5278,25
5279,42
5280,49
5281,76
5282,53
5283,73
5284,96
5285,25
5286,94
5287,17
5288,44
5289,28
5290,79
5291,64
5292,45
5293,38
5294,19
5295,16
5296,14
5297,1
5298,88
5299,97
5300,29
5301,68
5302,35
5303,47
5304,99
5305,67
5306,0
5307,33
5308,78
5309,0
5310,48
5311,87
5312,97
5313,60
5314,89
5315,94
5316,38
5317,58
5318,38
5319,54
5320,75
5321,37
5322,31
5323,60
5324,41
5325,75
5326,83
5327,80
5328,20
5329,42
5330,18
5331,43
5332,92
5333,94
5334,5
5335,95
5336,97
5337,59
5338,46
5339,44
5340,67
5341,46
5342,89
5343,84
5344,17
5345,94
5346,78
5347,97
5348,45
5349,71
5350,48
5351,33
5352,36
5353,74
5354,19
5355,76
5356,42
5357,61
5358,80
5359,86
5360,79
5361,43
5362,66
5363,74
5364,89
5365,61
5366,54
5367,85
5368,30
5369,99
5370,0
5371,38
5372,20
5373,74
5374,12
5375,64
5376,36
5377,5
5378,2
5379,76
5380,95
5381,64
5382,0
5383,38
5384,60
5385,21
5386,28
5387,94
5388,34
5389,82
5390,92
5391,36
5392,39
5393,26
5394,61
5395,29
5396,27
5397,24
5398,86
5399,8
5400,17
5401,54
5402,8
5403,31
5404,99
5405,66
5406,68
5407,78
5408,46
5409,38
5410,52
5411,61
5412,9
5413,97
5414,94
5415,24
5416,86
5417,71
5418,95
5419,77
5420,73
5421,1
5422,42
5423,12
5424,97
5425,58
5426,22
5427,7
5428,94
5429,85
5430,48
5431,16
5432,8
5433,74
5434,52
5435,54
5436,20
5437,58
5438,53
5439,60
5440,9
5441,18
5442,49
5443,30
5444,57
5445,47
5446,48
5447,73
5448,56
5449,38
5450,0
5451,84
5452,43
5453,42
5454,86
5455,60
5456,24
5457,20
5458,27
5459,17
5460,72
5461,19
5462,59
5463,76
5464,76
5465,68
5466,3
5467,97
5468,95
5469,75
5470,52
5471,42
5472,88
5473,20
5474,43
5475,75
5476,62
5477,72
5478,38
5479,8
5480,31
5481,78
5482,28
5483,38
5484,51
5485,53
5486,28
5487,24
5488,30
5489,18
5490,51
5491,1
5492,99
5493,66
5494,98
5495,58
5496,0
5497,79
5498,8
5499,39
5500,71
5501,43
5502,87
5503,19
5504,72
5505,8
5506,18
5507,52
5508,64
5509,76
5510,80
5511,15
5512,34
5513,80
5514,61
5515,42
5516,15
5517,31
5518,7
5519,31
5520,54
5521,45
5522,86
5523,88
5524,36
5525,31
5526,87
5527,5
5528,96
5529,6
5530,3
5531,86
5532,1
5533,75
5534,97
5535,19
5536,2
5537,68
5538,52
5539,18
5540,63
5541,4
5542,12
5543,79
5544,37
5545,35
5546,34
5547,76
5548,30
5549,20
5550,89
5551,69
5552,30
5553,71
5554,95
5555,20
5556,7
5557,7
5558,82
5559,24
5560,73
5561,60
5562,66
5563,52
5564,17
5565,43
5566,8
5567,23
5568,58
5569,42
5570,97
5571,85
5572,48
5573,82
5574,21
5575,80
5576,60
5577,33
5578,13
5579,31
5580,33
5581,76
5582,12
5583,72
5584,54
5585,67
5586,65
5587,5
5588,86
5589,18
5590,33
5591,63
5592,1
5593,41
5594,62
5595,42
5596,86
5597,23
5598,66
5599,20
5600,90
5601,97
5602,46
5603,20
5604,7
5605,48
5606,63
5607,94
5608,69
5609,81
5610,96
5611,49
5612,47
5613,63
5614,5
5615,31
5616,77
5617,28
5618,33
5619,34
5620,17
5621,4
5622,54
5623,98
5624,86
5625,86
5626,50
5627,77
5628,74
5629,17
5630,68
5631,54
5632,5
5633,95
5634,12
5635,31
5636,35
5637,68
5638,96
5639,88
5640,41
5641,69
5642,72
5643,53
5644,42
5645,47
5646,57
5647,5
5648,59
5649,40
5650,34
5651,30
5652,23
5653,9
5654,48
5655,6
5656,30
5657,60
5658,62
5659,33
5660,68
5661,52
5662,34
5663,85
5664,94
5665,77
5666,94
5667,33
5668,70
5669,59
5670,8
5671,66
5672,72
5673,7
5674,31
5675,0
5676,61
5677,24
5678,31
5679,92
5680,83
5681,3
5682,90
5683,20
5684,54
5685,11
5686,2
5687,5
5688,65
5689,78
5690,61
5691,48
5692,92
5693,21
5694,21
5695,49
5696,85
5697,5
5698,63
5699,20
5700,28
5701,97
5702,91
5703,23
5704,2
5705,91
5706,87
5707,29
5708,54
5709,86
5710,38
5711,50
5712,16
5713,1
5714,22
5715,71
5716,94
5717,81
5718,31
5719,43
5720,91
5721,49
5722,56
5723,18
5724,20
5725,92
5726,88
5727,94
5728,37
5729,93
5730,27
5731,0
5732,97
5733,48
5734,8
5735,18
5736,58
5737,86
5738,37
5739,44
5740,94
5741,9
5742,82
5743,68
5744,94
5745,51
5746,42
5747,15
5748,87
5749,17
5750,67
5751,72
5752,8
5753,1
5754,76
5755,21
5756,58
5757,96
5758,16
5759,28
5760,54
5761,17
5762,57
5763,59
5764,27
5765,97
5766,28
5767,3
5768,22
5769,54
5770,51
5771,30
5772,8
5773,73
5774,2
5775,20
5776,5
5777,71
5778,72
5779,63
5780,77
5781,15
5782,97
5783,54
5784,62
5785,42
5786,64
5787,4
5788,34
5789,70
5790,68
5791,30
5792,24
5793,13
5794,31
5795,95
5796,76
5797,99
5798,2
5799,20
5800,18
5801,97
5802,88
5803,30
5804,73
5805,56
5806,41
5807,0
5808,97
5809,53
5810,5
5811,17
5812,82
5813,81
5814,12
5815,23
5816,69
5817,68
5818,58
5819,86
5820,51
5821,2
5822,59
5823,56
5824,62
5825,94
5826,85
5827,59
5828,17
5829,38
5830,27
5831,75
5832,63
5833,97
5834,58
5835,29
5836,54
5837,56
5838,78
5839,41
5840,18
5841,74
5842,42
5843,8
5844,26
5845,61
5846,37
5847,50
5848,1
5849,28
5850,33
5851,23
5852,5
5853,57
5854,47
5855,21
5856,30
5857,17
5858,1
5859,18
5860,30
5861,47
5862,94
5863,41
5864,60
5865,16
5866,54
5867,7
5868,52
5869,68
5870,78
5871,87
5872,74
5873,78
5874,4
5875,71
5876,85
5877,66
5878,37
5879,86
5880,17
5881,99
5882,97
5883,86
5884,97
5885,0
5886,52
5887,26
5888,71
5889,36
5890,98
5891,99
5892,75
5893,22
5894,39
5895,55
5896,1
5897,14
5898,43
5899,41
5900,0
5901,37
5902,85
5903,97
5904,6
5905,42
5906,45
5907,30
5908,21
5909,30
5910,54
5911,54
5912,97
5913,0
5914,57
5915,78
5916,8
5917,53
5918,76
5919,52
5920,89
5921,84
5922,67
5923,24
5924,75
5925,67
5926,20
5927,71
5928,36
5929,18
5930,61
5931,62
5932,5
5933,27
5934,68
5935,73
5936,76
5937,81
5938,66
5939,54
5940,27
5941,60
5942,67
5943,6
5944,19
5945,34
5946,19
5947,51
5948,51
5949,42
5950,89
5951,49
5952,71
5953,71
5954,24
5955,27
5956,19
5957,89
5958,42
5959,61
5960,77
5961,30
5962,15
5963,5
5964,43
5965,60
5966,8
5967,62
5968,87
5969,5
5970,2
5971,11
5972,34
5973,27
5974,85
5975,70
5976,28
5977,52
5978,61
5979,8
5980,35
5981,4
5982,66
5983,84
5984,94
5985,76
5986,95
5987,5
5988,86
5989,13
5990,41
5991,61
5992,24
5993,70
5994,0
5995,20
5996,9
5997,17
5998,54
5999,74
6000,31
6001,18
6002,35
6003,69
6004,47
6005,52
6006,95
6007,34
6008,94
6009,30
6010,91
6011,17
6012,58
6013,73
6014,18
6015,69
6016,95
6017,71
6018,40
6019,74
6020,82
6021,2
6022,93
6023,36
6024,77
6025,57
6026,42
6027,64
6028,36
6029,12
6030,82
6031,65
6032,47
6033,40
6034,61
6035,14
6036,93
6037,15
6038,54
6039,16
6040,81
6041,16
6042,39
6043,54
6044,15
6045,98
6046,94
6047,62
6048,37
6049,70
6050,70
6051,2
6052,31
6053,59
6054,56
6055,39
6056,61
6057,16
6058,21
6059,95
6060,98
6061,93
6062,89
6063,89
6064,18
6065,29
6066,17
6067,34
6068,42
6069,10
6070,68
6071,28
6072,23
6073,24
6074,72
6075,89
6076,37
6077,75
6078,82
6079,61
6080,97
6081,21
6082,36
6083,17
6084,24
6085,80
6086,33
6087,20
6088,97
6089,9
6090,3
6091,79
6092,97
6093,51
6094,43
6095,94
6096,43
6097,39
6098,20
6099,92
6100,17
6101,87
6102,70
6103,94
6104,31
6105,39
6106,56
6107,23
6108,68
6109,4
6110,43
6111,78
6112,99
6113,21
6114,96
6115,63
6116,31
6117,39
6118,52
6119,31
6120,4
6121,4
6122,97
6123,38
6124,42
6125,55
6126,65
6127,43
6128,78
6129,23
6130,19
6131,97
6132,21
6133,6
6134,85
6135,36
6136,74
6137,52
6138,58
6139,99
6140,21
6141,20
6142,56
6143,78
6144,21
6145,5
6146,77
6147,42
6148,98
6149,12
6150,73
6151,31
6152,34
6153,51
6154,27
6155,6
6156,88
6157,68
6158,21
6159,86
6160,27
6161,75
6162,34
6163,43
6164,56
6165,91
6166,53
6167,45
6168,6
6169,5
6170,79
6171,29
6172,17
6173,95
6174,47
6175,42
6176,95
6177,54
6178,54
6179,49
6180,43
6181,33
6182,71
6183,6
6184,56
6185,48
6186,82
6187,40
6188,61
6189,97
6190,31
6191,87
6192,35
6193,80
6194,64
6195,51
6196,1
6197,51
6198,54
6199,53
6200,31
6201,43
6202,73
6203,66
6204,27
6205,95
6206,28
6207,80
6208,60
6209,31
6210,79
6211,12
6212,9
6213,75
6214,14
6215,64
6216,95
6217,9
6218,39
6219,70
6220,52
6221,9
6222,62
6223,12
6224,61
6225,5
6226,44
6227,98
6228,85
6229,77
6230,84
6231,99
6232,76
6233,20
6234,95
6235,68
6236,96
6237,94
6238,22
6239,9
6240,23
6241,70
6242,4
6243,80
6244,7
6245,86
6246,76
6247,98
6248,73
6249,47
6250,60
6251,28
6252,34
6253,0
6254,0
6255,85
6256,43
6257,15
6258,24
6259,71
6260,59
6261,60
6262,17
6263,57
6264,52
6265,87
6266,12
6267,61
6268,54
6269,91
6270,9
6271,44
6272,46
6273,71
6274,30
6275,60
6276,88
6277,7
6278,34
6279,14
6280,36
6281,23
6282,18
6283,49
6284,44
6285,8
6286,42
6287,67
6288,80
6289,5
6290,43
6291,2
6292,8
6293,15
6294,1
6295,52
6296,91
6297,39
6298,94
6299,86
6300,31
6301,98
6302,36
6303,31
6304,61
6305,48
6306,66
6307,20
6308,33
6309,29
6310,61
6311,72
6312,54
6313,0
6314,91
6315,71
6316,97
6317,98
6318,95
6319,60
6320,74
6321,15
6322,37
6323,86
6324,61
6325,79
6326,88
6327,46
6328,97
6329,29
6330,74
6331,86
6332,52
6333,52
6334,21
6335,63
6336,24
6337,23
6338,41
6339,81
6340,87
6341,34
6342,61
6343,47
6344,44
6345,23
6346,44
6347,5
6348,50
6349,95
6350,45
6351,54
6352,60
6353,21
6354,12
6355,72
6356,54
6357,66
6358,73
6359,21
6360,14
6361,24
6362,59
6363,21
6364,20
6365,29
6366,62
6367,17
6368,87
6369,63
6370,22
6371,5
6372,44
6373,67
6374,98
6375,96
6376,71
6377,75
6378,97
6379,17
6380,45
6381,54
6382,31
6383,11
6384,84
6385,73
6386,69
6387,21
6388,82
6389,12
6390,94
6391,42
6392,49
6393,79
6394,15
6395,42
6396,58
6397,6
6398,60
6399,38
6400,94
6401,42
6402,67
6403,58
6404,67
6405,52
6406,17
6407,12
6408,42
6409,51
6410,67
6411,13
6412,37
6413,94
6414,70
6415,83
6416,83
6417,31
6418,42
6419,76
6420,42
6421,60
6422,31
6423,46
6424,97
6425,68
6426,52
6427,17
6428,29
6429,84
6430,17
6431,5
6432,58
6433,97
6434,19
6435,86
6436,97
6437,48
6438,29
6439,61
6440,9
6441,23
6442,7
6443,42
6444,33
6445,43
6446,14
6447,91
6448,0
6449,37
6450,29
6451,20
6452,47
6453,77
6454,56
6455,38
6456,38
6457,20
6458,45
6459,30
6460,13
6461,23
6462,18
6463,6
6464,20
6465,37
6466,69
6467,18
6468,38
6469,43
6470,94
6471,30
6472,95
6473,48
6474,85
6475,15
6476,62
6477,5
6478,17
6479,52
6480,59
6481,43
6482,22
6483,6
6484,84
6485,13
6486,63
6487,81
6488,99
6489,30
6490,22
6491,20
6492,63
6493,20
6494,72
6495,29
6496,72
6497,91
6498,77
6499,43
6500,61
6501,93
6502,2
6503,4
6504,52
6505,53
6506,85
6507,9
6508,33
6509,29
6510,73
6511,86
6512,94
6513,98
6514,33
6515,24
6516,53
6517,13
6518,77
6519,89
6520,26
6521,4
6522,97
6523,67
6524,29
6525,24
6526,79
6527,37
6528,97
6529,91
6530,61
6531,87
6532,18
6533,36
6534,11
6535,15
6536,43
6537,97
6538,31
6539,98
6540,78
6541,6
6542,18
6543,23
6544,42
6545,24
6546,76
6547,39
6548,56
6549,8
6550,1
6551,53
6552,74
6553,76
6554,33
6555,91
6556,85
6557,56
6558,51
6559,61
6560,34
6561,74
6562,33
6563,60
6564,98
6565,33
6566,88
6567,31
6568,61
6569,17
6570,61
6571,24
6572,68
6573,98
6574,0
6575,42
6576,97
6577,35
6578,38
6579,78
6580,82
6581,46
6582,17
6583,65
6584,86
6585,2
6586,49
6587,42
6588,56
6589,39
6590,84
6591,86
6592,96
6593,71
6594,20
6595,89
6596,69
6597,40
6598,76
6599,42
6600,8
6601,83
6602,24
6603,81
6604,16
6605,38
6606,98
6607,52
6608,84
6609,5
6610,32
6611,2
6612,52
6613,73
6614,87
6615,31
6616,94
6617,98
6618,28
6619,20
6620,96
6621,89
6622,81
6623,84
6624,35
6625,18
6626,31
6627,24
6628,94
6629,32
6630,44
6631,80
6632,48
6633,41
6634,98
6635,94
6636,30
6637,79
6638,36
6639,21
6640,42
6641,1
6642,95
6643,96
6644,77
6645,30
6646,69
6647,82
6648,64
6649,30
6650,71
6651,34
6652,39
6653,87
6654,43
6655,4
6656,86
6657,87
6658,17
6659,18
6660,53
6661,60
6662,57
6663,0
6664,14
6665,86
6666,42
6667,94
6668,38
6669,24
6670,69
6671,97
6672,98
6673,94
6674,49
6675,3
6676,62
6677,1
6678,21
6679,42
6680,33
6681,79
6682,80
6683,36
6684,76
6685,89
6686,42
6687,82
6688,85
6689,61
6690,77
6691,85
6692,78
6693,34
6694,21
6695,79
6696,85
6697,45
6698,2
6699,75
6700,78
6701,32
6702,95
6703,7
6704,97
6705,79
6706,74
6707,73
6708,47
6709,97
6710,61
6711,43
6712,62
6713,8
6714,84
6715,38
6716,2
6717,76
6718,21
6719,51
6720,45
6721,80
6722,24
6723,75
6724,40
6725,37
6726,42
6727,30
6728,63
6729,51
6730,48
6731,14
6732,16
6733,64
6734,87
6735,43
6736,30
6737,6
6738,89
6739,69
6740,88
6741,47
6742,48
6743,58
6744,37
6745,44
6746,97
6747,9
6748,24
6749,20
6750,57
6751,91
6752,63
6753,64
6754,70
6755,62
6756,67
6757,31
6758,35
6759,95
6760,23
6761,40
6762,60
6763,84
6764,81
6765,38
6766,78
6767,42
6768,59
6769,60
6770,54
6771,21
6772,98
6773,52
6774,97
6775,35
6776,8
6777,61
6778,89
6779,89
6780,43
6781,23
6782,41
6783,47
6784,86
6785,17
6786,1
6787,92
6788,39
6789,2
6790,37
6791,49
6792,77
6793,69
6794,77
6795,61
6796,75
6797,24
6798,23
6799,12
6800,41
6801,57
6802,43
6803,9
6804,31
6805,2
6806,0
6807,45
6808,7
6809,94
6810,67
6811,31
6812,68
6813,31
6814,13
6815,4
6816,40
6817,42
6818,44
6819,35
6820,52
6821,62
6822,15
6823,88
6824,37
6825,59
6826,24
6827,0
6828,62
6829,52
6830,2
6831,20
6832,98
6833,54
6834,85
6835,59
6836,96
6837,77
6838,93
6839,62
6840,48
6841,4
6842,54
6843,6
6844,91
6845,62
6846,52
6847,70
6848,34
6849,19
6850,67
6851,9
6852,40
6853,31
6854,38
6855,45
6856,97
6857,57
6858,85
6859,0
6860,41
6861,37
6862,81
6863,5
6864,68
6865,8
6866,89
6867,69
6868,48
6869,43
6870,60
6871,8
6872,88
6873,69
6874,90
6875,2
6876,54
6877,45
6878,61
6879,2
6880,21
6881,37
6882,17
6883,22
6884,4
6885,72
6886,9
6887,99
6888,80
6889,75
6890,22
6891,97
6892,67
6893,61
6894,30
6895,40
6896,70
6897,92
6898,37
6899,76
6900,20
6901,91
6902,47
6903,85
6904,12
6905,83
6906,54
6907,85
6908,49
6909,47
6910,67
6911,42
6912,23
6913,15
6914,7
6915,66
6916,95
6917,38
6918,8
6919,20
6920,30
6921,81
6922,94
6923,16
6924,43
6925,18
6926,52
6927,54
6928,53
6929,12
6930,89
6931,53
6932,87
6933,79
6934,97
6935,89
6936,44
6937,48
6938,31
6939,62
6940,19
6941,79
6942,61
6943,20
6944,84
6945,82
6946,21
6947,41
6948,41
6949,18
6950,56
6951,31
6952,23
6953,71
6954,89
6955,71
6956,20
6957,60
6958,8
6959,41
6960,28
6961,37
6962,86
6963,69
6964,22
6965,14
6966,60
6967,42
6968,72
6969,34
6970,31
6971,16
6972,14
6973,52
6974,96
6975,53
6976,86
6977,7
6978,83
6979,63
6980,46
6981,8
6982,42
6983,52
6984,35
6985,3
6986,99
6987,13
6988,39
6989,75
6990,3
6991,85
6992,60
6993,51
6994,16
6995,5
6996,43
6997,38
6998,2
6999,6
7000,98
7001,91
7002,43
7003,7
7004,51
7005,47
7006,89
7007,0
7008,91
7009,73
7010,21
7011,72
7012,24
7013,87
7014,81
7015,89
7016,38
7017,82
7018,74
7019,83
7020,88
7021,43
7022,14
7023,34
7024,56
7025,0
7026,17
7027,81
7028,97
7029,39
7030,69
7031,52
7032,31
7033,86
7034,42
7035,62
7036,86
7037,35
7038,20
7039,71
7040,45
7041,53
7042,95
7043,5
7044,46
7045,97
7046,5
7047,51
7048,95
7049,62
7050,87
7051,37
7052,86
7053,86
7054,28
7055,29
7056,62
7057,90
7058,54
7059,86
7060,34
7061,46
7062,94
7063,20
7064,51
7065,1
7066,79
7067,97
7068,55
7069,56
7070,85
7071,20
7072,23
7073,77
7074,24
7075,79
7076,2
7077,98
7078,85
7079,21
7080,13
7081,95
7082,24
7083,66
7084,84
7085,54
7086,89
7087,64
7088,31
7089,71
7090,9
7091,26
7092,61
7093,22
7094,48
7095,24
7096,44
7097,1
7098,68
7099,1
7100,68
7101,28
7102,8
7103,23
7104,71
7105,41
7106,21
7107,17
7108,19
7109,48
7110,8
7111,84
7112,93
7113,97
7114,31
7115,38
7116,76
7117,61
7118,23
7119,57
7120,70
7121,85
7122,70
7123,94
7124,1
7125,22
7126,5
7127,31
7128,29
7129,62
7130,2
7131,75
7132,85
7133,15
7134,85
7135,27
7136,20
7137,42
7138,85
7139,83
7140,55
7141,42
7142,27
7143,43
7144,12
7145,17
7146,21
7147,19
7148,95
7149,66
7150,97
7151,12
7152,20
7153,47
7154,76
7155,17
7156,32
7157,19
7158,52
7159,98
7160,58
7161,60
7162,18
7163,35
7164,33
7165,5
7166,88
7167,76
7168,62
7169,3
7170,64
7171,17
7172,86
7173,97
7174,52
7175,34
7176,97
7177,31
7178,57
7179,53
7180,60
7181,14
7182,90
7183,43
7184,61
7185,97
7186,96
7187,62
7188,85
7189,74
7190,57
7191,23
7192,20
7193,38
7194,19
7195,71
7196,15
7197,62
7198,76
7199,1
7200,78
7201,47
7202,20
7203,6
7204,9
7205,31
7206,68
7207,58
7208,9
7209,48
7210,52
7211,37
7212,71
7213,24
7214,60
7215,60
7216,97
7217,12
7218,0
7219,11
7220,19
7221,46
7222,71
7223,43
7224,97
7225,42
7226,74
7227,58
7228,36
7229,42
7230,13
7231,46
7232,53
7233,77
7234,17
7235,5
7236,57
7237,64
7238,57
7239,81
7240,50
7241,30
7242,8
7243,21
7244,28
7245,66
7246,74
7247,17
7248,77
7249,16
7250,30
7251,75
7252,53
7253,76
7254,95
7255,75
7256,29
7257,31
7258,82
7259,85
7260,16
7261,54
7262,8
7263,34
7264,38
7265,97
7266,35
7267,64
7268,0
7269,2
7270,75
7271,30
7272,30
7273,77
7274,8
7275,5
7276,34
7277,24
7278,75
7279,23
7280,75
7281,8
7282,48
7283,42
7284,19
7285,97
7286,81
7287,18
7288,41
7289,61
7290,2
7291,26
7292,44
7293,75
7294,14
7295,0
7296,27
7297,34
7298,15
7299,27
7300,17
7301,31
7302,95
7303,86
7304,72
7305,15
7306,18
7307,2
7308,97
7309,73
7310,2
7311,37
7312,29
7313,70
7314,31
7315,20
7316,60
7317,88
7318,73
7319,5
7320,15
7321,56
7322,99
7323,43
7324,14
7325,21
7326,54
7327,78
7328,82
7329,73
7330,5
7331,61
7332,76
7333,29
7334,19
7335,13
7336,7
7337,37
7338,19
7339,73
7340,24
7341,9
7342,33
7343,84
7344,94
7345,87
7346,35
7347,34
7348,95
7349,89
7350,57
7351,64
7352,31
7353,66
7354,92
7355,21
7356,94
7357,29
7358,67
7359,5
7360,59
7361,54
7362,94
7363,68
7364,64
7365,53
7366,24
7367,37
7368,46
7369,58
7370,4
7371,67
7372,44
7373,34
7374,48
7375,97
7376,13
7377,29
7378,96
7379,98
7380,20
7381,29
7382,6
7383,55
7384,52
7385,24
7386,85
7387,20
7388,37
7389,21
7390,66
7391,85
7392,86
7393,52
7394,85
7395,72
7396,61
7397,37
7398,72
7399,55
7400,86
7401,20
7402,23
7403,5
7404,51
7405,99
7406,83
7407,42
7408,33
7409,1
7410,95
7411,42
7412,15
7413,72
7414,52
7415,9
7416,58
7417,74
7418,54
7419,60
7420,40
7421,83
7422,66
7423,9
7424,0
7425,43
7426,44
7427,27
7428,61
7429,47
7430,40
7431,84
7432,85
7433,74
7434,75
7435,62
7436,28
7437,94
7438,52
7439,86
7440,21
7441,13
7442,70
7443,94
7444,20
7445,4
7446,49
7447,54
7448,24
7449,44
7450,47
7451,68
7452,12
7453,94
7454,21
7455,77
7456,29
7457,62
7458,41
7459,16
7460,20
7461,49
7462,17
7463,31
7464,5
7465,61
7466,73
7467,51
7468,75
7469,84
7470,20
7471,75
7472,97
7473,73
7474,12
7475,43
7476,63
7477,85
7478,33
7479,23
7480,53
7481,23
7482,61
7483,51
7484,12
7485,31
7486,47
7487,58
7488,60
7489,31
7490,63
7491,21
7492,60
7493,56
7494,63
7495,76
7496,96
7497,30
7498,60
7499,31
7500,46
7501,43
7502,97
7503,43
7504,14
7505,92
7506,31
7507,88
7508,17
7509,85
7510,96
7511,97
7512,21
7513,97
7514,7
7515,94
7516,79
7517,28
7518,53
7519,9
7520,97
7521,15
7522,97
7523,54
7524,21
7525,38
7526,37
7527,21
7528,8
7529,63
7530,87
7531,96
7532,71
7533,21
7534,17
7535,20
7536,21
7537,17
7538,52
7539,91
7540,53
7541,3
7542,20
7543,51
7544,20
7545,45
7546,20
7547,45
7548,68
7549,20
7550,75
7551,12
7552,60
7553,74
7554,61
7555,1
7556,43
7557,42
7558,29
7559,85
7560,38
7561,43
7562,85
7563,42
7564,99
7565,71
7566,60
7567,86
7568,64
7569,20
7570,13
7571,16
7572,99
7573,7
7574,30
7575,31
7576,29
7577,17
7578,46
7579,32
7580,83
7581,61
7582,38
7583,80
7584,2
7585,20
7586,94
7587,2
7588,53
7589,83
7590,47
7591,62
7592,22
7593,82
7594,35
7595,81
7596,28
7597,17
7598,54
7599,97
7600,95
7601,6
7602,76
7603,24
7604,94
7605,7
7606,5
7607,94
7608,2
7609,89
7610,52
7611,85
7612,86
7613,97
7614,42
7615,63
7616,82
7617,36
7618,75
7619,21
7620,97
7621,42
7622,65
7623,31
7624,30
7625,24
7626,99
7627,95
7628,89
7629,1
7630,44
7631,52
7632,80
7633,91
7634,82
7635,65
7636,45
7637,42
7638,70
7639,51
7640,85
7641,27
7642,62
7643,31
7644,1
7645,18
7646,87
7647,19
7648,8
7649,68
7650,95
7651,86
7652,98
7653,98
7654,94
7655,0
7656,20
7657,51
7658,13
7659,21
7660,59
7661,97
7662,31
7663,61
7664,96
7665,66
7666,52
7667,97
7668,68
7669,42
7670,4
7671,2
7672,84
7673,97
7674,20
7675,66
7676,43
7677,31
7678,75
7679,53
7680,37
7681,5
7682,16
7683,19
7684,7
7685,42
7686,61
7687,31
7688,97
7689,70
7690,5
7691,80
7692,30
7693,37
7694,43
7695,33
7696,42
7697,39
7698,86
7699,23
7700,68
7701,72
7702,63
7703,49
7704,74
7705,89
7706,75
7707,77
7708,74
7709,60
7710,17
7711,56
7712,41
7713,77
7714,47
7715,91
7716,36
7717,30
7718,41
7719,82
7720,54
7721,13
7722,37
7723,75
7724,2
7725,49
7726,24
7727,19
7728,81
7729,50
7730,57
7731,0
7732,7
7733,83
7734,52
7735,66
7736,81
7737,61
7738,85
7739,69
7740,18
7741,10
7742,0
7743,40
7744,70
7745,0
7746,71
7747,70
7748,1
7749,85
7750,97
7751,66
7752,75
7753,43
7754,83
7755,82
7756,19
7757,97
7758,43
7759,31
7760,8
7761,2
7762,9
7763,51
7764,43
7765,34
7766,85
7767,31
7768,46
7769,73
7770,97
7771,0
7772,15
7773,84
7774,85
7775,29
7776,82
7777,24
7778,34
7779,9
7780,8
7781,99
7782,7
7783,8
7784,2
7785,54
7786,18
7787,34
7788,99
7789,91
7790,53
7791,30
7792,43
7793,40
7794,41
7795,87
7796,0
7797,8
7798,61
7799,17
7800,89
7801,79
7802,91
7803,54
7804,41
7805,20
7806,48
7807,30
7808,72
7809,8
7810,77
7811,21
7812,88
7813,18
7814,70
7815,21
7816,97
7817,56
7818,29
7819,46
7820,91
7821,61
7822,75
7823,17
7824,71
7825,70
7826,35
7827,52
7828,94
7829,33
7830,99
7831,85
7832,57
7833,34
7834,60
7835,25
7836,30
7837,81
7838,94
7839,74
7840,33
7841,42
7842,54
7843,94
7844,71
7845,69
7846,9
7847,93
7848,74
7849,20
7850,9
7851,68
7852,85
7853,86
7854,63
7855,53
7856,23
7857,66
7858,91
7859,34
7860,99
7861,0
7862,8
7863,37
7864,14
7865,43
7866,4
7867,85
7868,23
7869,53
7870,66
7871,75
7872,5
7873,6
7874,13
7875,21
7876,88
7877,37
7878,69
7879,85
7880,28
7881,51
7882,21
7883,87
7884,90
7885,43
7886,56
7887,9
7888,75
7889,81
7890,24
7891,75
7892,8
7893,76
7894,80
7895,94
7896,52
7897,2
7898,81
7899,28
7900,90
7901,84
7902,24
7903,5
7904,66
7905,2
7906,96
7907,83
7908,79
7909,53
7910,69
7911,20
7912,31
7913,86
7914,8
7915,20
7916,80
7917,20
7918,96
7919,95
7920,59
7921,17
7922,49
7923,94
7924,2
7925,89
7926,8
7927,43
7928,30
7929,35
7930,1
7931,23
7932,56
7933,58
7934,5
7935,38
7936,86
7937,43
7938,28
7939,86
7940,62
7941,53
7942,32
7943,97
7944,38
7945,20
7946,55
7947,8
7948,59
7949,8
7950,80
7951,62
7952,44
7953,30
7954,73
7955,2
7956,17
7957,33
7958,4
7959,18
7960,4
7961,60
7962,35
7963,73
7964,18
7965,20
7966,4
7967,20
7968,84
7969,14
7970,23
7971,24
7972,85
7973,34
7974,93
7975,2
7976,57
7977,39
7978,95
7979,69
7980,22
7981,98
7982,9
7983,37
7984,33
7985,86
7986,54
7987,16
7988,85
7989,82
7990,80
7991,6
7992,17
7993,43
7994,69
7995,12
7996,1
7997,41
7998,61
7999,8
8000,51
8001,1
8002,29
8003,28
8004,53
8005,21
8006,40
8007,84
8008,86
8009,58
8010,47
8011,73
8012,2
8013,0
8014,15
8015,42
8016,11
8017,19
8018,84
8019,1
8020,54
8021,22
8022,86
8023,85
8024,60
8025,53
8026,89
8027,18
8028,72
8029,6
8030,96
8031,58
8032,27
8033,20
8034,39
8035,60
8036,48
8037,49
8038,97
8039,92
8040,24
8041,31
8042,97
8043,60
8044,7
8045,0
8046,87
8047,97
8048,95
8049,50
8050,47
8051,44
8052,49
8053,54
8054,31
8055,31
8056,8
8057,42
8058,22
8059,84
8060,86
8061,53
8062,97
8063,63
8064,8
8065,37
8066,13
8067,33
8068,6
8069,76
8070,63
8071,4
8072,54
8073,97
8074,91
8075,78
8076,63
8077,94
8078,16
8079,31
8080,34
8081,55
8082,58
8083,85
8084,34
8085,81
8086,91
8087,2
8088,57
8089,23
8090,28
8091,21
8092,78
8093,70
8094,52
8095,75
8096,36
8097,52
8098,30
8099,70
8100,43
8101,75
8102,56
8103,76
8104,33
8105,75
8106,92
8107,17
8108,89
8109,88
8110,61
8111,60
8112,69
8113,18
8114,24
8115,31
8116,78
8117,36
8118,4
8119,51
8120,29
8121,31
8122,43
8123,61
8124,4
8125,91
8126,37
8127,31
8128,68
8129,60
8130,63
8131,70
8132,43
8133,54
8134,82
8135,0
8136,18
8137,49
8138,43
8139,20
8140,14
8141,89
8142,80
8143,6
8144,75
8145,45
8146,7
8147,68
8148,86
8149,4
8150,98
8151,86
8152,42
8153,99
8154,4
8155,5
8156,1
8157,64
8158,16
8159,35
8160,73
8161,8
8162,88
8163,60
8164,46
8165,94
8166,82
8167,20
8168,94
8169,15
8170,84
8171,31
8172,30
8173,69
8174,60
8175,23
8176,91
8177,31
8178,37
8179,31
8180,53
8181,43
8182,31
8183,48
8184,63
8185,74
8186,33
8187,42
8188,53
8189,74
8190,23
8191,68
8192,91
8193,84
8194,89
8195,61
8196,60
8197,93
8198,22
8199,64
8200,16
8201,42
8202,71
8203,47
8204,70
8205,34
8206,5
8207,78
8208,9
8209,20
8210,21
8211,84
8212,85
8213,38
8214,66
8215,71
8216,91
8217,95
8218,81
8219,7
8220,73
8221,68
8222,31
8223,14
8224,85
8225,75
8226,44
8227,33
8228,47
8229,13
8230,27
8231,15
8232,45
8233,99
8234,43
8235,21
8236,17
8237,20
8238,51
8239,36
8240,56
8241,75
8242,75
8243,62
8244,46
8245,71
8246,85
8247,38
8248,23
8249,1
8250,94
8251,30
8252,47
8253,34
8254,15
8255,7
8256,18
8257,31
8258,58
8259,91
8260,97
8261,31
8262,70
8263,31
8264,95
8265,46
8266,30
8267,94
8268,86
8269,29
8270,60
8271,26
8272,61
8273,34
8274,9
8275,74
8276,76
8277,21
8278,50
8279,73
8280,15
8281,39
8282,46
8283,60
8284,17
8285,94
8286,20
8287,40
8288,30
8289,53
8290,41
8291,70
8292,81
8293,21
8294,7
8295,85
8296,54
8297,68
8298,5
8299,21
8300,48
8301,33
8302,0
8303,70
8304,59
8305,24
8306,75
8307,37
8308,7
8309,77
8310,29
8311,41
8312,39
8313,3
8314,0
8315,5
8316,85
8317,94
8318,88
8319,30
8320,30
8321,75
8322,74
8323,38
8324,42
8325,0
8326,17
8327,0
8328,88
8329,81
8330,43
8331,46
8332,69
8333,4
8334,39
8335,97
8336,71
8337,98
8338,72
8339,23
8340,20
8341,6
8342,86
8343,2
8344,1
8345,21
8346,52
8347,43
8348,62
8349,5
8350,68
8351,18
8352,34
8353,25
8354,37
8355,43
8356,47
8357,49
8358,2
8359,44
8360,17
8361,65
8362,37
8363,34
8364,4
8365,54
8366,42
8367,30
8368,51
8369,39
8370,77
8371,41
8372,79
8373,49
8374,47
8375,11
8376,97
8377,28
8378,82
8379,4
8380,60
8381,75
8382,56
8383,75
8384,32
8385,42
8386,87
8387,91
8388,49
8389,36
8390,84
8391,58
8392,95
8393,58
8394,54
8395,5
8396,5
8397,43
8398,52
8399,6
8400,30
8401,33
8402,8
8403,75
8404,71
8405,34
8406,39
8407,66
8408,52
8409,21
8410,63
8411,22
8412,96
8413,46
8414,16
8415,33
8416,68
8417,41
8418,97
8419,31
8420,38
8421,60
8422,38
8423,93
8424,80
8425,21
8426,6
8427,60
8428,73
8429,85
8430,43
8431,77
8432,58
8433,54
8434,22
8435,86
8436,97
8437,76
8438,63
8439,84
8440,73
8441,72
8442,54
8443,62
8444,2
8445,27
8446,86
8447,52
8448,14
8449,31
8450,23
8451,62
8452,92
8453,8
8454,5
8455,37
8456,82
8457,93
8458,33
8459,30
8460,85
8461,31
8462,22
8463,5
8464,63
8465,64
8466,71
8467,97
8468,66
8469,22
8470,82
8471,2
8472,39
8473,88
8474,95
8475,56
8476,14
8477,15
8478,96
8479,42
8480,62
8481,1
8482,68
8483,52
8484,76
8485,15
8486,16
8487,62
8488,85
8489,76
8490,99
8491,43
8492,40
8493,60
8494,36
8495,25
8496,17
8497,43
8498,29
8499,45
8500,27
8501,66
8502,62
8503,48
8504,34
8505,96
8506,75
8507,54
8508,92
8509,37
8510,28
8511,58
8512,30
8513,4
8514,12
8515,38
8516,30
8517,6
8518,44
8519,8
8520,39
8521,39
8522,56
8523,17
8524,96
8525,6
8526,31
8527,94
8528,97
8529,88
8530,99
8531,94
8532,91
8533,76
8534,49
8535,21
8536,87
8537,0
8538,75
8539,43
8540,97
8541,71
8542,75
8543,52
8544,15
8545,43
8546,7
8547,94
8548,14
8549,34
8550,36
8551,19
8552,53
8553,72
8554,5
8555,29
8556,20
8557,15
8558,9
8559,24
8560,86
8561,54
8562,82
8563,31
8564,61
8565,86
8566,54
8567,24
8568,87
8569,31
8570,37
8571,76
8572,22
8573,86
8574,81
8575,79
8576,27
8577,94
8578,0
8579,61
8580,89
8581,82
8582,14
8583,87
8584,94
8585,73
8586,48
8587,82
8588,89
8589,36
8590,97
8591,2
8592,28
8593,88
8594,7
8595,70
8596,87
8597,7
8598,15
8599,77
8600,49
8601,21
8602,64
8603,79
8604,38
8605,47
8606,47
8607,97
8608,67
8609,97
8610,86
8611,54
8612,73
8613,60
8614,0
8615,2
8616,24
8617,68
8618,24
8619,31
8620,97
8621,62
8622,2
8623,17
8624,43
8625,42
8626,59
8627,21
8628,77
8629,78
8630,20
8631,13
8632,31
8633,68
8634,74
8635,97
8636,16
8637,29
8638,13
8639,86
8640,18
8641,24
8642,56
8643,62
8644,18
8645,38
8646,77
8647,33
8648,17
8649,93
8650,74
8651,42
8652,1
8653,23
8654,60
8655,85
8656,94
8657,33
8658,55
8659,68
8660,30
8661,8
8662,3
8663,75
8664,83
8665,1
8666,75
8667,2
8668,28
8669,78
8670,12
8671,53
8672,88
8673,27
8674,67
8675,14
8676,76
8677,93
8678,37
8679,97
8680,91
8681,31
8682,69
8683,47
8684,61
8685,12
8686,58
8687,14
8688,36
8689,82
8690,77
8691,54
8692,44
8693,13
8694,31
8695,42
8696,27
8697,85
8698,3
8699,53
8700,48
8701,77
8702,66
8703,23
8704,29
8705,61
8706,5
8707,97
8708,99
8709,61
8710,19
8711,21
8712,56
8713,97
8714,27
8715,43
8716,60
8717,12
8718,24
8719,49
8720,28
8721,29
8722,73
8723,75
8724,83
8725,62
8726,62
8727,67
8728,7
8729,85
8730,82
8731,43
8732,17
8733,68
8734,37
8735,32
8736,82
8737,27
8738,89
8739,41
8740,10
8741,22
8742,24
8743,21
8744,12
8745,52
8746,20
8747,97
8748,78
8749,42
8750,38
8751,32
8752,47
8753,20
8754,29
8755,97
8756,69
8757,13
8758,1
8759,47
8760,23
8761,91
8762,24
8763,87
8764,23
8765,53
8766,99
8767,0
8768,56
8769,57
8770,23
8771,30
8772,8
8773,45
8774,42
8775,97
8776,21
8777,95
8778,88
8779,61
8780,84
8781,61
8782,1
8783,42
8784,73
8785,82
8786,36
8787,61
8788,14
8789,95
8790,15
8791,70
8792,8
8793,66
8794,83
8795,61
8796,37
8797,94
8798,76
8799,97
8800,43
8801,6
8802,35
8803,78
8804,84
8805,15
8806,29
8807,71
8808,20
8809,3
8810,60
8811,73
8812,97
8813,18
8814,43
8815,48
8816,89
8817,38
8818,17
8819,18
8820,81
8821,89
8822,60
8823,52
8824,42
8825,66
8826,85
8827,30
8828,51
8829,51
8830,79
8831,42
8832,8
8833,86
8834,88
8835,29
8836,31
8837,64
8838,0
8839,55
8840,24
8841,53
8842,43
8843,78
8844,17
8845,8
8846,95
8847,23
8848,63
8849,12
8850,51
8851,86
8852,64
8853,67
8854,75
8855,70
8856,99
8857,17
8858,5
8859,85
8860,32
8861,57
8862,61
8863,34
8864,88
8865,98
8866,47
8867,82
8868,94
8869,95
8870,21
8871,68
8872,6
8873,33
8874,67
8875,16
8876,49
8877,61
8878,27
8879,83
8880,62
8881,26
8882,2
8883,13
8884,37
8885,96
8886,75
8887,22
8888,45
8889,94
8890,42
8891,5
8892,8
8893,85
8894,24
8895,29
8896,37
8897,47
8898,97
8899,75
8900,82
8901,87
8902,95
8903,53
8904,80
8905,21
8906,89
8907,69
8908,93
8909,4
8910,53
8911,8
8912,37
8913,33
8914,73
8915,75
8916,12
8917,47
8918,97
8919,53
8920,42
8921,4
8922,71
8923,81
8924,92
8925,53
8926,6
8927,56
8928,0
8929,86
8930,94
8931,94
8932,94
8933,60
8934,34
8935,29
8936,72
8937,52
8938,30
8939,82
8940,89
8941,45
8942,89
8943,71
8944,90
8945,52
8946,86
8947,49
8948,35
8949,32
8950,45
8951,52
8952,23
8953,58
8954,79
8955,96
8956,48
8957,71
8958,13
8959,71
8960,63
8961,42
8962,40
8963,79
8964,14
8965,79
8966,58
8967,42
8968,34
8969,38
8970,81
8971,99
8972,21
8973,43
8974,43
8975,42
8976,53
8977,51
8978,23
8979,47
8980,53
8981,48
8982,7
8983,56
8984,34
8985,82
8986,19
8987,93
8988,94
8989,59
8990,75
8991,69
8992,58
8993,81
8994,99
8995,2
8996,89
8997,48
8998,23
8999,29
9000,97
9001,53
9002,64
9003,20
9004,46
9005,33
9006,68
9007,35
9008,59
9009,14
9010,58
9011,98
9012,61
9013,37
9014,31
9015,60
9016,57
9017,81
9018,28
9019,17
9020,73
9021,98
9022,38
9023,23
9024,17
9025,52
9026,20
9027,66
9028,84
9029,30
9030,81
9031,30
9032,98
9033,32
9034,45
9035,12
9036,51
9037,74
9038,58
9039,59
9040,4
9041,28
9042,78
9043,68
9044,57
9045,91
9046,93
9047,21
9048,77
9049,71
9050,18
9051,8
9052,59
9053,82
9054,95
9055,71
9056,5
9057,90
9058,37
9059,94
9060,42
9061,72
9062,14
9063,28
9064,61
9065,77
9066,42
9067,16
9068,42
9069,17
9070,14
9071,62
9072,54
9073,38
9074,85
9075,67
9076,31
9077,23
9078,74
9079,43
9080,94
9081,75
9082,1
9083,83
9084,23
9085,80
9086,74
9087,20
9088,77
9089,20
9090,30
9091,52
9092,75
9093,79
9094,28
9095,8
9096,24
9097,0
9098,56
9099,47
9100,18
9101,52
9102,57
9103,56
9104,84
9105,89
9106,23
9107,9
9108,78
9109,57
9110,34
9111,7
9112,31
9113,38
9114,95
9115,88
9116,24
9117,69
9118,21
9119,61
9120,14
9121,93
9122,87
9123,82
9124,86
9125,43
9126,5
9127,52
9128,61
9129,99
9130,28
9131,81
9132,2
9133,49
9134,36
9135,58
9136,37
9137,97
9138,51
9139,45
9140,31
9141,28
9142,19
9143,29
9144,19
9145,36
9146,70
9147,62
9148,88
9149,16
9150,67
9151,62
9152,44
9153,74
9154,96
9155,4
9156,16
9157,59
9158,3
9159,24
9160,71
9161,87
9162,43
9163,57
9164,23
9165,68
9166,30
9167,19
9168,22
9169,37
9170,21
9171,57
9172,61
9173,86
9174,82
9175,12
9176,38
9177,7
9178,29
9179,63
9180,84
9181,41
9182,63
9183,85
9184,85
9185,91
9186,53
9187,48
9188,44
9189,67
9190,8
9191,87
9192,18
9193,47
9194,48
9195,1
9196,34
9197,55
9198,54
9199,27
9200,0
9201,74
9202,97
9203,18
9204,97
9205,29
9206,97
9207,54
9208,76
9209,82
9210,68
9211,52
9212,44
9213,44
9214,75
9215,30
9216,71
9217,23
9218,48
9219,60
9220,99
9221,0
9222,97
9223,7
9224,35
9225,48
9226,2
9227,32
9228,19
9229,61
9230,40
9231,86
9232,89
9233,30
9234,24
9235,97
9236,12
9237,76
9238,42
9239,29
9240,11
9241,5
9242,69
9243,43
9244,82
9245,84
9246,49
9247,85
9248,3
9249,71
9250,28
9251,76
9252,56
9253,8
9254,90
9255,76
9256,18
9257,75
9258,73
9259,89
9260,37
9261,42
9262,73
9263,45
9264,34
9265,4
9266,38
9267,20
9268,86
9269,0
9270,31
9271,33
9272,75
9273,58
9274,62
9275,21
9276,48
9277,89
9278,58
9279,53
9280,35
9281,96
9282,75
9283,75
9284,43
9285,31
9286,33
9287,17
9288,89
9289,92
9290,15
9291,76
9292,77
9293,23
9294,0
9295,64
9296,97
9297,62
9298,17
9299,36
9300,23
9301,10
9302,56
9303,53
9304,97
9305,51
9306,71
9307,43
9308,38
9309,76
9310,41
9311,52
9312,54
9313,52
9314,43
9315,82
9316,95
9317,30
9318,78
9319,96
9320,52
9321,75
9322,53
9323,84
9324,78
9325,42
9326,41
9327,85
9328,91
9329,8
9330,68
9331,4
9332,8
9333,43
9334,34
9335,67
9336,56
9337,2
9338,54
9339,42
9340,95
9341,31
9342,52
9343,72
9344,48
9345,63
9346,10
9347,9
9348,78
9349,38
9350,42
9351,75
9352,43
9353,43
9354,23
9355,18
9356,82
9357,67
9358,23
9359,38
9360,82
9361,75
9362,52
9363,57
9364,35
9365,86
9366,71
9367,21
9368,21
9369,84
9370,8
9371,0
9372,57
9373,27
9374,86
9375,55
9376,42
9377,58
9378,57
9379,90
9380,37
9381,36
9382,85
9383,95
9384,16
9385,62
9386,19
9387,84
9388,19
9389,56
9390,1
9391,39
9392,69
9393,21
9394,60
9395,15
9396,82
9397,61
9398,66
9399,52
9400,97
9401,72
9402,50
9403,18
9404,23
9405,27
9406,42
9407,17
9408,46
9409,20
9410,38
9411,52
9412,44
9413,99
9414,25
9415,63
9416,52
9417,4
9418,50
9419,58
9420,8
9421,39
9422,30
9423,99
9424,45
9425,48
9426,89
9427,52
9428,11
9429,83
9430,16
9431,82
9432,4
9433,43
9434,30
9435,0
9436,44
9437,21
9438,59
9439,85
9440,64
9441,27
9442,51
9443,70
9444,22
9445,97
9446,78
9447,12
9448,4
9449,43
9450,78
9451,83
9452,20
9453,43
9454,81
9455,63
9456,77
9457,67
9458,81
9459,97
9460,45
9461,93
9462,75
9463,84
9464,48
9465,40
9466,3
9467,87
9468,50
9469,41
9470,70
9471,43
9472,21
9473,12
9474,89
9475,2
9476,85
9477,20
9478,27
9479,21
9480,87
9481,71
9482,92
9483,27
9484,31
9485,70
9486,8
9487,50
9488,21
9489,61
9490,8
9491,32
9492,28
9493,53
9494,42
9495,54
9496,97
9497,50
9498,15
9499,8
9500,85
9501,34
9502,66
9503,78
9504,45
9505,78
9506,87
9507,30
9508,2
9509,89
9510,52
9511,56
9512,58
9513,37
9514,69
9515,71
9516,87
9517,67
9518,42
9519,5
9520,54
9521,73
9522,15
9523,21
9524,87
9525,20
9526,21
9527,40
9528,8
9529,13
9530,12
9531,31
9532,82
9533,33
9534,5
9535,75
9536,13
9537,2
9538,44
9539,38
9540,73
9541,27
9542,89
9543,3
9544,53
9545,23
9546,69
9547,86
9548,38
9549,71
9550,84
9551,41
9552,35
9553,94
9554,79
9555,16
9556,80
9557,18
9558,22
9559,86
9560,72
9561,7
9562,18
9563,62
9564,17
9565,70
9566,0
9567,26
9568,64
9569,22
9570,91
9571,23
9572,85
9573,42
9574,88
9575,34
9576,85
9577,30
9578,24
9579,35
9580,5
9581,38
9582,36
9583,85
9584,49
9585,43
9586,61
9587,97
9588,94
9589,1
9590,42
9591,30
9592,22
9593,20
9594,13
9595,94
9596,48
9597,23
9598,75
9599,68
9600,20
9601,60
9602,67
9603,85
9604,86
9605,86
9606,87
9607,97
9608,21
9609,54
9610,92
9611,84
9612,43
9613,43
9614,85
9615,2
9616,35
9617,58
9618,48
9619,48
9620,97
9621,52
9622,73
9623,99
9624,99
9625,95
9626,85
9627,38
9628,95
9629,26
9630,67
9631,68
9632,5
9633,70
9634,39
9635,69
9636,58
9637,97
9638,8
9639,62
9640,20
9641,23
9642,78
9643,89
9644,67
9645,42
9646,8
9647,17
9648,24
9649,79
9650,42
9651,60
9652,57
9653,23
9654,86
9655,16
9656,57
9657,94
9658,64
9659,1
9660,43
9661,92
9662,81
9663,20
9664,23
9665,74
9666,97
9667,33
9668,95
9669,20
9670,39
9671,86
9672,53
9673,4
9674,34
9675,52
9676,89
9677,85
9678,85
9679,32
9680,97
9681,6
9682,75
9683,91
9684,43
9685,12
9686,18
9687,47
9688,52
9689,67
9690,53
9691,33
9692,81
9693,88
9694,21
9695,48
9696,5
9697,95
9698,53
9699,37
9700,56
9701,4
9702,60
9703,92
9704,48
9705,24
9706,71
9707,72
9708,75
9709,97
9710,2
9711,82
9712,89
9713,31
9714,15
9715,81
9716,9
9717,73
9718,23
9719,36
9720,81
9721,40
9722,30
9723,37
9724,61
9725,20
9726,8
9727,11
9728,66
9729,85
9730,42
9731,46
9732,21
9733,5
9734,94
9735,41
9736,23
9737,53
9738,96
9739,17
9740,48
9741,76
9742,84
9743,5
9744,39
9745,21
9746,41
9747,63
9748,43
9749,63
9750,20
9751,64
9752,4
9753,84
9754,41
9755,9
9756,27
9757,38
9758,67
9759,30
9760,72
9761,52
9762,97
9763,21
9764,52
9765,23
9766,99
9767,8
9768,97
9769,91
9770,85
9771,52
9772,89
9773,12
9774,16
9775,82
9776,8
9777,63
9778,43
9779,99
9780,71
9781,18
9782,73
9783,38
9784,39
9785,96
9786,71
9787,86
9788,86
9789,9
9790,97
9791,28
9792,33
9793,17
9794,62
9795,30
9796,31
9797,21
9798,33
9799,32
9800,84
9801,12
9802,86
9803,75
9804,80
9805,40
9806,28
9807,58
9808,17
9809,60
9810,89
9811,4
9812,24
9813,27
9814,10
9815,13
9816,35
9817,87
9818,66
9819,76
9820,50
9821,47
9822,49
9823,72
9824,60
9825,16
9826,51
9827,81
9828,86
9829,38
9830,21
9831,53
9832,20
9833,48
9834,24
9835,5
9836,31
9837,56
9838,35
9839,2
9840,22
9841,48
9842,24
9843,11
9844,2
9845,78
9846,31
9847,51
9848,84
9849,0
9850,98
9851,63
9852,20
9853,78
9854,60
9855,68
9856,86
9857,21
9858,43
9859,21
9860,99
9861,81
9862,57
9863,62
9864,35
9865,92
9866,76
9867,69
9868,13
9869,89
9870,51
9871,42
9872,0
9873,86
9874,6
9875,75
9876,82
9877,76
9878,95
9879,30
9880,85
9881,75
9882,72
9883,19
9884,14
9885,27
9886,97
9887,54
9888,92
9889,37
9890,73
9891,53
9892,28
9893,74
9894,24
9895,72
9896,95
9897,62
9898,2
9899,36
9900,52
9901,30
9902,42
9903,85
9904,53
9905,23
9906,66
9907,51
9908,0
9909,78
9910,86
9911,45
9912,16
9913,75
9914,79
9915,97
9916,68
9917,85
9918,89
9919,97
9920,82
9921,21
9922,68
9923,59
9924,68
9925,76
9926,27
9927,58
9928,8
9929,15
9930,81
9931,73
9932,78
9933,51
9934,33
9935,28
9936,80
9937,95
9938,47
9939,96
9940,82
9941,99
9942,15
9943,47
9944,14
9945,79
9946,67
9947,74
9948,27
9949,77
9950,52
9951,57
9952,14
9953,27
9954,95
9955,1
9956,43
9957,43
9958,51
9959,73
9960,61
9961,66
9962,19
9963,86
9964,31
9965,97
9966,43
9967,4
9968,83
9969,37
9970,18
9971,75
9972,30
9973,49
9974,58
9975,14
9976,8
9977,14
9978,21
9979,15
9980,30
9981,52
9982,66
9983,38
9984,31
9985,17
9986,91
9987,38
9988,31
9989,7
9990,66
9991,68
9992,1
9993,30
9994,37
9995,82
9996,3
9997,51
9998,42
9999,0
